id,name,host_id,host_name,neighbourhood_group,neighbourhood,latitude,longitude,room_type,price,minimum_nights,number_of_reviews,last_review,reviews_per_month,calculated_host_listings_count,availability_365,number_of_reviews_ltm,license
505101,Unique neighborhood cottage,2490712,Stacie,,Bozeman,45.67934,-111.04756,Entire home/apt,135,3,240,2024-03-12,1.70,1,286,27,STR20-00155
1913774,Downtown Bozeman Vacation Rental,9892898,Brian,,Bozeman,45.68422,-111.03839,Entire home/apt,117,3,468,2024-04-10,3.69,1,244,69,STR22-00028
1950545,Northside Hideaway,8224408,Paul,,Bozeman,45.68563,-111.03118,Entire home/apt,167,3,35,2023-09-02,0.29,22,319,2,str20-00211
2390321,2 Blocks 2 Main,7849959,Irene,,Bozeman,45.67434,-111.0333,Entire home/apt,150,3,45,2023-12-15,0.47,2,244,4,STR22-00083
2536175,Modern Home Near Campus & Downtown,8287259,Kris And Alex,,Bozeman,45.66473,-111.03977,Entire home/apt,151,3,285,2024-04-13,2.39,1,268,36,STR20-00308
2839082,"Charming downtown home, Bogart park",1577112,Zack,,Bozeman,45.6757,-111.03284,Entire home/apt,464,3,67,2023-10-15,0.66,1,360,4,STR21-00060
2968623,Sunny Bozeman MSU Cottage,15146634,Frances,,Bozeman,45.67241,-111.04913,Entire home/apt,125,2,178,2024-03-11,1.67,1,100,12,STR23-00143
3372306,Lovely 2BR Bozeman Cottage near Main St,190138,Anna,,Bozeman,45.68444,-111.04357,Entire home/apt,173,30,68,2024-03-15,0.58,2,283,1,
4008507,"The Loft: near MSU, private entry, kitchen & bath",20738079,Lori,,Bozeman,45.66932,-111.04256,Entire home/apt,158,2,232,2024-04-08,2.15,1,291,43,STR22-00101
4134363,Yellow Dogs Cottage: Unique Large Downtown Cottage,21447984,Sharon,,Bozeman,45.67114,-111.04041,Entire home/apt,265,4,87,2023-10-17,0.76,3,224,7,Exempt
6662056,Modern Loft-House: Big Sky Country,34871220,Ehson,,Bozeman,45.65955,-111.02278,Entire home/apt,165,30,159,2023-09-24,1.51,1,286,9,
6783856,Remote Worker's Dream,35514344,Janette,,Bozeman,45.679,-111.08748,Entire home/apt,250,30,15,2021-03-07,0.14,1,327,0,
6800497,Your Private Suite 1 block from heart of Downtown,16264310,Kent,,Bozeman,45.67712,-111.03485,Entire home/apt,135,2,340,2024-03-31,3.37,1,0,31,Str20-00361
6881306,Downtown Victorian Apartment - Little Pink Houses,36057505,Kathi,,Bozeman,45.68133,-111.03998,Entire home/apt,88,2,59,2024-03-25,0.72,1,217,3,STR23-00192
6970499,Downtown Red Chair Retreat,36548325,Doug,,Bozeman,45.68185,-111.04333,Entire home/apt,115,3,361,2024-04-01,3.56,2,38,29,STR23-00001
7480329,"Near Downtown, For Extended Stays - 30 days min.",3437116,Jill,,Bozeman,45.6724,-111.02983,Entire home/apt,200,30,11,2024-02-20,0.12,1,245,2,
7694423,Heron's Nest,40166238,Sunny,,Bozeman,45.68181,-111.0953,Entire home/apt,125,28,31,2024-04-01,0.29,2,351,4,STR23-00173
7809335,Modern Farmhouse in Historic Downtown Bozeman,18706726,Otto,,Bozeman,45.67412599577849,-111.03681382013174,Entire home/apt,399,3,63,2023-12-10,0.60,1,135,4,STR20-00360
7855037,Bozeman Getaway in Ideal Location,14843944,Laura,,Bozeman,45.70622,-111.02272,Entire home/apt,299,30,161,2023-12-17,1.55,1,137,13,
8016791,"Happy, Healthy, Home in the Heart of Downtown BZN!",19523133,Pele,,Bozeman,45.68377,-111.03245,Entire home/apt,286,2,190,2024-04-07,1.93,2,0,34,STR20-00365
8131484,Story Street Rental Apartment,42939495,Mary,,Bozeman,45.67359,-111.05386,Entire home/apt,165,3,203,2024-03-28,2.03,1,269,26,STR20-00146
8248642,Welcome to the Bozeman Treehouse on Main Street,23268299,Jenny,,Bozeman,45.68012,-111.02441,Entire home/apt,295,3,49,2024-01-03,0.58,1,192,4,STR23-00028
8471627,Downtown Digs (3 blocks from the center of DT),44596719,Jade,,Bozeman,45.68271529432704,-111.03607380332667,Entire home/apt,176,1,712,2024-04-02,8.19,2,289,113,STR23-00120
8522409,"Stroll to Meyers Lake, Airy Two Bedroom Guesthouse",44874042,Amy,,Bozeman,45.67865,-111.10087,Entire home/apt,139,3,258,2024-03-31,2.67,1,271,29,STR22-00029
8616625,"Historic University District Home, #STR22-00063",32568100,Andrew,,Bozeman,45.67505,-111.04803,Entire home/apt,175,2,207,2024-04-06,2.01,1,42,35,STR22-00063
9588650,Downtown Urban Chic,49630888,Amy,,Bozeman,45.682587,-111.041031,Entire home/apt,141,1,488,2024-04-08,4.79,1,108,47,STR23-00033
9615182,Treasure State Hostel 6 Bed Dorm,49746531,Nina,,Bozeman,45.679003575369734,-111.03685825662359,Hotel room,32,1,327,2024-03-29,3.21,5,159,40,Exempt
9615473,Treasure State Hostel Single Private Room,49746531,Nina,,Bozeman,45.67999547257732,-111.03582959487107,Hotel room,53,1,215,2024-03-29,2.15,5,100,19,Exempt
9675892,Rustic-Contemporary Downtown,14383276,Dianne,,Bozeman,45.68378694011662,-111.02875317065629,Entire home/apt,120,30,0,,,1,330,0,
9739788,Treasure State Hostel 4 Bed Dorm,49746531,Nina,,Bozeman,45.6807234297742,-111.03732500527028,Hotel room,38,1,173,2024-03-04,1.84,5,168,14,Exempt
9740033,Treasure State Hostel 3 Bed Dorm,49746531,Nina,,Bozeman,45.68056970871398,-111.0374742199539,Shared room,40,1,86,2024-01-12,0.88,5,166,12,Exempt
9882706,"Private, spacious, winter activity hideaway",50844446,Jaymie,,Bozeman,45.714,-111.08021,Entire home/apt,225,27,9,2023-08-22,0.41,2,195,3,
10194083,Blue Willow Guest House,52362737,Terra,,Bozeman,45.67359,-111.03341,Entire home/apt,249,3,119,2024-02-24,1.22,1,114,5,STR23-00042
10282173,Charming Campus Home,8979185,Laura,,Bozeman,45.67276,-111.04538,Entire home/apt,111,1,27,2024-04-14,1.82,1,347,26,STR23-00078
10616342,Treasure State Hostel Queen Private Room,49746531,Nina,,Bozeman,45.68008983723219,-111.03692403358635,Hotel room,75,1,138,2024-03-23,1.44,5,90,18,Exempt
11337733,Walk to Downtown! Historic Studio with Sun,59339691,Allison,,Bozeman,45.68124,-111.0448,Entire home/apt,126,2,446,2024-03-18,4.54,1,274,47,STR23-00025
11379100,Garden Cottage,8224408,Paul,,Bozeman,45.68182,-111.02832,Entire home/apt,101,3,131,2024-03-31,1.32,22,332,11,STR23-00076
11394263,Kelly's MT Retreat,59781492,Andrew,,Bozeman,45.69245,-111.08859,Entire home/apt,114,30,7,2023-03-10,0.08,1,206,0,
12675495,"Bridger guesthouse, 1/2 way between MSU/Downtown!",68872256,Meagan And Michael,,Bozeman,45.66816,-111.03438,Entire home/apt,145,2,444,2024-03-17,4.67,2,271,33,str23-00169
13747912,Best Location in Downtown Bozeman,80521705,Anna,,Bozeman,45.67987,-111.02812,Entire home/apt,132,1,386,2024-04-12,4.09,1,278,71,STR00-00000
13797463,Urban Farmhouse,81112095,Serena,,Bozeman,45.68133,-111.05212,Entire home/apt,119,3,218,2024-03-31,2.30,1,192,24,STR23-00227
14041374,Family and friends together place.,20987607,Jacki,,Bozeman,45.65439,-111.03909,Entire home/apt,425,3,7,2023-07-18,0.08,1,72,1,STR20-00315
14093005,Country Living in the City,74996144,Gary,,Bozeman,45.66854,-111.03084,Entire home/apt,250,2,153,2024-04-14,1.63,1,263,24,STR20-00304
14487902,Condo in Beautiful Bozeman,77150382,Mary,,Bozeman,45.69137,-111.11546,Entire home/apt,257,2,89,2024-01-01,0.97,1,300,18,STR23-00011
14769819,Great Room & Location with Private Bath & Balcony,84377290,E-T,,Bozeman,45.66035089514685,-111.03220616382771,Private room,68,30,185,2024-04-01,2.11,1,287,2,
15284883,Green Guest Loft in the Heart of Downtown Bozeman,97282807,Natalie,,Bozeman,45.68432,-111.03863,Entire home/apt,188,3,71,2023-10-22,0.78,1,63,8,STR23-00189
15425714,Cozy Place in Old Bozeman a Stone's Throw from MSU,91012372,Peter,,Bozeman,45.67014,-111.04631,Entire home/apt,129,30,13,2023-09-22,0.14,3,134,1,
15579746,Pet friendly historic flat w/ AC & fireplace,78849013,Stay Montana,,Bozeman,45.67976,-111.03788,Entire home/apt,81,30,7,2023-11-30,0.10,12,309,1,
16064719,Home-in-the-Heart-of-Bozeman,104010331,Dream MT,,Bozeman,45.68037,-111.03733,Entire home/apt,275,30,85,2024-04-02,1.02,5,218,7,
16135754,Luxury Condo In Downtown Bozeman on Main Street,91012372,Peter,,Bozeman,45.67949,-111.02221,Entire home/apt,199,3,69,2024-03-28,0.80,3,174,22,STR23-00168
16274835,Carriage House Cutie! (KING BED) -Steps From Lake,106429221,Vacation Homes Bozeman,,Bozeman,45.682135,-111.0975582,Entire home/apt,88,2,89,2024-04-11,1.01,5,320,9,STR20-00084
16498232,Dog Friendly,77559702,Joe,,Bozeman,45.67664,-111.07691,Private room,65,30,204,2024-03-30,2.40,1,260,44,
16504338,"Families, kids and pets welcome!",68913845,Julia,,Bozeman,45.69021,-111.05558,Entire home/apt,150,1,198,2024-04-08,2.24,1,252,49,Str20-00038
16546683,Cabin On Montana: Clean 3-bedroom 2-bath home,103773075,Bozeman Montana,,Bozeman,45.687469,-111.033318,Entire home/apt,198,3,122,2024-02-12,1.41,4,196,18,STR21-00001
16600051,Bozeman - Modern/Rustic 1 bedroom w/ Loft bedroom,41587598,Molly,,Bozeman,45.70157,-111.00896,Entire home/apt,149,1,267,2024-04-01,3.09,1,115,48,
16662749,"""Elegant Escape"" (KING BED) Great Location!",106429221,Vacation Homes Bozeman,,Bozeman,45.6890338,-111.1083844,Entire home/apt,164,2,42,2023-12-29,0.49,5,115,5,STR20-00061
16881888,2 Blocks 2 Main with a View,7849959,Irene,,Bozeman,45.67817,-111.03371,Entire home/apt,84,30,6,2023-11-01,0.11,2,211,1,
17606899,Bridger Creek Luxury home near Bridger Bowl Skiing,78849013,Stay Montana,,Bozeman,45.70696,-111.01901,Entire home/apt,203,3,28,2024-03-16,0.34,12,190,4,STR22-00080
18242184,Modern Studio - Rooftop Deck - STR23-00021,125690435,Kim & Cody,,Bozeman,45.6835,-111.10053,Entire home/apt,149,3,117,2024-02-19,1.38,1,300,12,STR23-00021
18309166,"Peaks View Suite-Modern APT, Central BZN w/ garage",55985011,Jylissa & Derrick,,Bozeman,45.70977,-111.0797,Entire home/apt,150,30,47,2023-12-28,0.56,1,151,4,
18428989,30-day on Golf Course w/view of Bridger Mountains,78849013,Stay Montana,,Bozeman,45.70604,-111.02771,Entire home/apt,99,30,5,2022-04-08,0.08,12,220,0,
18509621,The Attic Downtown,121782093,Samantha,,Bozeman,45.6828,-111.0462,Entire home/apt,122,1,607,2024-04-02,7.19,3,30,105,Str20-00381
18610457,Welcome to Madison Guest House!,68872256,Meagan And Michael,,Bozeman,45.66819,-111.03475,Entire home/apt,145,2,347,2024-03-24,4.19,2,258,21,STR23-00200
18723425,Spacious 3bed/2bath Bozeman home,129302024,Dan & Alex,,Bozeman,45.68764,-111.09028,Entire home/apt,106,30,19,2024-03-19,0.23,1,162,1,
18876596,Black Bear Inn: A comfy cozy 2 bedroom 1 bath unit,130503649,Lisa,,Bozeman,45.71263,-111.05554,Entire home/apt,146,1,273,2024-03-31,3.79,1,325,51,
19738080,30 Day- Historic flat downtown w/ vintage features,78849013,Stay Montana,,Bozeman,45.6801,-111.03939,Entire home/apt,64,30,12,2024-01-08,0.17,12,321,2,
19986314,The Cottage Downtown,121782093,Samantha,,Bozeman,45.68148,-111.04859,Entire home/apt,135,1,481,2024-03-27,5.95,3,33,106,Str20-00120
20121999,"Queen bed, Downtown, Free parking, Fast Wi-Fi",13861863,Kendall,,Bozeman,45.67522048950195,-111.03057861328125,Private room,74,1,84,2024-01-13,1.03,4,268,17,STR23-00146
20468639,Your Adventure and Downtown Base-Camp,146144535,Josh,,Bozeman,45.68745,-111.05545,Private room,68,1,551,2024-03-28,6.79,1,43,101,STR56-68025
21391763,OYA house - Beautifully Appointed West Side Home,33606492,Jordan,,Bozeman,45.68168,-111.09665,Entire home/apt,185,3,173,2023-10-08,2.21,1,96,18,STR23-00005
21436733,"""The Whisk Away!"" Remodeled & Great location!",106429221,Vacation Homes Bozeman,,Bozeman,45.691377,-111.1156164,Entire home/apt,145,2,43,2023-10-01,0.57,5,111,6,STR20-00187
21563216,Cozy and Clean Apartment in Downtown Bozeman,147544279,Catrina,,Bozeman,45.68053,-111.04321,Entire home/apt,91,1,475,2024-04-10,6.14,1,99,96,STR22-00034
21788567,Bozeman Creek Loft,22821126,Berit,,Bozeman,45.66276,-111.03298,Entire home/apt,118,1,168,2024-04-01,3.76,1,144,43,STR20-00368
21836263,Key Lime Pie under the Big Sky - private entrance,150488129,Sandy,,Bozeman,45.683,-111.04139,Entire home/apt,50,2,264,2024-04-01,3.42,1,17,20,STR22-00047
22010637,Beautiful Bozeman Bound STR20-00314,100568826,Victoria,,Bozeman,45.69652,-111.0813,Entire home/apt,144,1,432,2024-04-16,5.63,1,47,84,STR20-00314
22031067,Blue Pine Cone - Modern Town Home Close to Bozeman,158595657,Mountain Home,,Bozeman,45.70651,-111.01959,Entire home/apt,385,1,14,2024-03-09,0.29,41,248,3,STR20-00339
22031078,Bozeman Spruce House - Large Home in Bozeman's His,158595657,Mountain Home,,Bozeman,45.67244,-111.03835,Entire home/apt,675,1,19,2024-03-03,0.43,41,200,7,STR20-00367
22031083,Bridger Bungalow - Elegant Townhome Close to Bozem,158595657,Mountain Home,,Bozeman,45.70629,-111.01963,Entire home/apt,300,1,16,2024-04-06,0.26,41,282,3,STR22-00092
22031084,Bridger Creek Townhouse - Elegant Townhome Closet,158595657,Mountain Home,,Bozeman,45.707085,-111.020134,Entire home/apt,425,1,26,2024-02-26,0.41,41,315,4,STR20-00331
22031123,Legends Townhouse - Luxury Townhouse Near Bozeman,158595657,Mountain Home,,Bozeman,45.707302,-111.020195,Entire home/apt,548,1,21,2024-03-16,0.39,41,282,5,STR20-00331
22031166,The Loft - Urban Bozeman Loft with Hot Tub,158595657,Mountain Home,,Bozeman,45.68669,-111.02745,Entire home/apt,190,1,33,2024-01-22,0.47,41,277,1,STR23-00056
22031171,Stained Glass House - Centrally Located,158595657,Mountain Home,,Bozeman,45.68942,-111.05661,Entire home/apt,345,1,45,2024-02-19,0.86,41,259,6,STR22-00091
22467914,Downtown Bozeman Bungalow - 2 blocks from Main St.,11104779,Sarah,,Bozeman,45.67704,-111.03458,Entire home/apt,117,2,245,2024-04-14,4.68,1,210,58,STR23-00136
22733838,Quilt Cottage,8224408,Paul,,Bozeman,45.68497,-111.02946,Entire home/apt,187,3,17,2023-09-19,0.25,22,250,3,str20-00206
22925801,*Downtown Luxury + Steam Shower*~ Walk Everywhere!,169754903,VR Bozeman,,Bozeman,45.680634,-111.030121,Entire home/apt,205,1,217,2024-04-02,2.89,5,257,51,STR23-00004
22925892,Peach Treehouse - private room & bath - Downtown+,47859142,Jason,,Bozeman,45.68583,-111.03532,Private room,69,1,434,2024-04-01,5.73,1,6,68,STR20-00267
23191331,The Bungalow Downtown,121782093,Samantha,,Bozeman,45.68196,-111.04504,Entire home/apt,120,1,333,2024-04-12,4.57,3,28,96,STR20-00381
23269653,"""NEW"" Coldsmoke Getaway, Steps From Lake & Trails",106429221,Vacation Homes Bozeman,,Bozeman,45.6821892292,-111.095205612,Entire home/apt,105,2,52,2024-02-25,0.70,5,335,9,STR20-00083
23685855,Townhome w/ Fast & New WiFi - Walk to Downtown!,122381278,Evolve,,Bozeman,45.66846,-111.04046,Entire home/apt,107,28,8,2023-12-26,0.14,14,301,1,
23689274,Ollie's House,24882747,Kerry,,Bozeman,45.67713,-111.04563,Entire home/apt,250,3,36,2023-09-25,0.50,1,257,4,STR22-00043
23945254,Dahlia House,8224408,Paul,,Bozeman,45.68283,-111.0295,Entire home/apt,147,3,35,2024-03-09,0.49,22,274,2,STR23-00030
23947268,Dwell House Downtown,8224408,Paul,,Bozeman,45.68181,-111.02854,Entire home/apt,386,7,16,2023-05-25,0.22,22,81,1,str22-00017
24075266,"Spacious, Light Private Suite in the Heart of Town",176207616,Elin,,Bozeman,45.67712,-111.05146,Entire home/apt,95,1,163,2023-11-17,2.37,1,92,30,STR20-00378
25113972,Central Air Bozeman Big Sky Private Outdoor Space,171508189,Coleen,,Bozeman,45.67414,-111.08677,Entire home/apt,219,3,192,2024-03-16,2.69,1,133,16,STR20-00110
25321668,"'Bozeman Getaway' w/ Mountain Views, Near Downtown",122381278,Evolve,,Bozeman,45.67941,-111.09516,Entire home/apt,328,4,47,2024-03-26,0.70,14,280,12,STR20-00356
25420087,Contemporary Downtown Townhome,8224408,Paul,,Bozeman,45.68198,-111.03668,Entire home/apt,227,3,31,2024-03-29,0.46,22,284,6,str22-00090
25549889,Red Chair Townhouse,36548325,Doug,,Bozeman,45.68187,-111.04339,Entire home/apt,125,3,149,2024-03-30,2.10,2,25,23,STR23-00001
25580821,"""NEW"" Bozone Bliss (KING Bed) Steps from Lake!",106429221,Vacation Homes Bozeman,,Bozeman,45.6827985,-111.0953193,Entire home/apt,154,2,74,2024-03-17,1.06,5,315,15,STR20-00087
26925982,The Cozy Bear - STR23-00010,221430490,Jen,,Bozeman,45.67822,-111.0993,Entire home/apt,95,3,104,2024-03-02,1.55,1,245,24,STR23-00010
27113338,Chickadee's Nest,40166238,Sunny,,Bozeman,45.67693,-111.05311,Entire home/apt,95,28,48,2023-02-23,0.70,2,288,0,STR23-00194
27284221,"Big Sky Bozeman 2 BR Suite, Perfect for Kids/Pets",205016195,Erik,,Bozeman,45.711734771728516,-111.0338134765625,Entire home/apt,198,2,110,2024-01-01,1.71,1,328,9,STR20-00319
27306044,1890s Rustic Bozeman Home in trendy Northeast,4635454,Jeanne,,Bozeman,45.67608,-111.04178,Entire home/apt,123,31,8,2024-03-24,0.27,1,139,2,
27730357,"Heart of History, Fred M Brown residence at MSU!!",209352450,Sarah,,Bozeman,45.67086,-111.04026,Entire home/apt,350,30,2,2023-02-22,0.11,1,265,0,
27854265,Master Bedroom Suite onTrail System accommodates 1,7722453,Rachel,,Bozeman,45.66062,-111.01597,Private room,104,30,24,2023-09-17,0.35,1,89,4,
27988420,Bozeman Home w/ Landscaped Yard - Walk to Downtown,122381278,Evolve,,Bozeman,45.66851,-111.04052,Entire home/apt,170,28,3,2022-10-19,0.07,14,288,0,
29658137,Sunny and Cozy Contemporary Bungalow Walk to Dwntn,259151,Stefan,,Bozeman,45.67078,-111.04335,Entire home/apt,225,30,0,,,1,274,0,
29828057,"Capitol Hill Loft - Cozy Loft, Walking Distance to",158595657,Mountain Home,,Bozeman,45.67108,-111.045105,Entire home/apt,210,1,50,2023-10-16,0.83,41,346,5,STR22-00073
29899479,Midtown Midcentury Bungalow,224820389,Shawna,,Bozeman,45.68219,-111.04814,Entire home/apt,105,30,4,2023-07-30,0.19,1,69,1,
30326352,Cozy space w private hot tub & queen bed,96363366,Jason,,Bozeman,45.68367,-111.04468,Private room,136,1,68,2024-03-08,2.52,1,319,26,STR23-00244
30397317,Andon Rise - Loft,58894863,Amy,,Bozeman,45.67884,-111.01843,Entire home/apt,110,1,484,2024-04-14,7.43,1,175,100,STR22-00031
31341829,"Cozy, Clean & Great location w/Mountain Views",14612117,Kietra,,Bozeman,45.68988,-111.10514,Entire home/apt,225,30,48,2023-10-05,0.94,1,100,6,
31905516,Bridger Sunrise Town Home 1 Bedroom,33934983,Melissa,,Bozeman,45.68604,-111.05512,Entire home/apt,180,4,4,2022-07-12,0.07,1,306,0,STR20-00044
33094078,The Westside Nest - Cozy & Convenient!,133422103,Tess,,Bozeman,45.67912,-111.0784,Entire home/apt,180,3,170,2024-03-30,2.77,1,156,24,STR20-00117
33241999,"Downtown home w/gorgeous mountain views, near MSU",78849013,Stay Montana,,Bozeman,45.6779,-111.02176,Entire home/apt,174,2,30,2024-03-19,0.51,12,349,6,STR20-00006
33851416,Newly Built Modern Home!,255480314,Mike & Emily,,Bozeman,45.6855,-111.10105,Entire home/apt,139,1,282,2024-04-01,5.01,1,81,35,STR23-00067
34889598,Fridley Studio: Downtown on Bozeman's North Side,10828597,Amy,,Bozeman,45.68332,-111.02781,Entire home/apt,67,30,10,2023-11-25,0.41,1,284,5,
35577163,West Olive Cottage,8224408,Paul,,Bozeman,45.67709,-111.04909,Entire home/apt,167,3,25,2024-02-05,0.44,22,315,5,str20-00016
36097634,N 3rd gem,271534497,Jason,,Bozeman,45.68864,-111.04161,Entire home/apt,190,3,47,2023-11-24,0.83,2,268,11,STR23-00047
36181219,Bozeman North 406,272118985,Robin,,Bozeman,45.6856,-111.02671,Entire home/apt,382,3,26,2023-06-18,0.45,1,264,1,STR23-00023
36518869,Spacious One Bedroom Apartment with Laundry,274550698,Amanda,,Bozeman,45.678903106405045,-111.09985324865845,Entire home/apt,144,2,53,2024-03-17,0.97,1,297,16,STR23-00087
36798038,"Haven in Bozeman- Close to MSU, Main St, Trails",1978098,Kimberly,,Bozeman,45.66114,-111.03716,Entire home/apt,99,1,172,2024-03-16,2.99,1,352,44,STR23-00226
36799435,LazyDog Midtown Retreat,563127133,Matterhorn,,Bozeman,45.68742,-111.05745,Entire home/apt,200,5,122,2024-04-05,2.17,1,214,25,STR20-00035
36931430,Bridger View Bunkhouse,41269419,Chase,,Bozeman,45.69669,-111.09403,Entire home/apt,99,2,376,2024-04-11,6.55,1,46,74,STR20-00011
37483040,Urban Cowboy Cottage,21088231,Justine,,Bozeman,45.68849,-111.03182,Entire home/apt,113,1,330,2024-03-17,5.81,2,273,73,STR23-00031
37658979,Lindley Place Cottage,8224408,Paul,,Bozeman,45.67626,-111.03297,Entire home/apt,217,3,24,2023-10-02,0.43,22,202,6,str20-00290
37813994,Quiet Bozeman Room,177443234,Lukas,,Bozeman,45.6919453621644,-111.10309983554822,Private room,88,30,0,,,1,201,0,
37863453,One bedroom and separate  bath just for you!,186311619,Jan,,Bozeman,45.67992,-111.07972,Private room,60,1,186,2024-04-06,3.29,1,11,38,STR23-22530
37878272,Cozy Northside/Downtown Apartment,21088231,Justine,,Bozeman,45.68786,-111.0306,Entire home/apt,94,1,371,2024-03-31,6.55,2,236,81,STR23-00043
38379009,Tenderfoot Cottage,104010331,Dream MT,,Bozeman,45.68676,-111.03931,Entire home/apt,193,30,42,2023-09-28,0.76,5,229,3,
39002591,"The Green Door - Modern Studio, Great Location",45830254,Phillip + Kristyn,,Bozeman,45.67519,-111.05651,Entire home/apt,99,2,229,2024-04-13,4.26,1,62,64,STR20-00140
39028561,Creekside Cottage on Bozeman Creek,299079914,Bart,,Bozeman,45.66400909423828,-111.03108215332031,Entire home/apt,125,30,151,2024-01-29,2.75,1,271,16,
39551580,Peach House,8224408,Paul,,Bozeman,45.68501,-111.03931,Entire home/apt,167,3,20,2023-12-18,0.47,22,298,1,str20-00188
39642791,BozemanAir - Cottage Near Montana State University,304628102,Lisa,,Bozeman,45.64474,-111.06422,Entire home/apt,264,1,62,2024-02-14,1.23,4,322,17,STR20-00014
39951421,Beall Park Guest House,8224408,Paul,,Bozeman,45.68302,-111.03683,Entire home/apt,247,3,15,2024-03-15,0.30,22,320,4,str20-00253
39951635,Fridley Cottage,8224408,Paul,,Bozeman,45.68331,-111.02892,Entire home/apt,178,3,10,2023-08-15,0.20,22,339,3,str29-00222
40064041,4 blocks to MSU or Main St. Cozy & modernized.,27846465,Rebecca,,Bozeman,45.67368,-111.04998,Entire home/apt,189,2,127,2024-04-01,2.52,1,52,31,Str23-00165
40202339,SoBo Cottage. Easy Downtown Living.,310484531,Lisa,,Bozeman,45.67773,-111.0346,Entire home/apt,219,3,56,2024-03-23,1.11,1,209,7,STR20-00293
40806022,Cozy Apartment in Heart of Downtown!,317251520,Katie,,Bozeman,45.6827,-111.04561,Entire home/apt,76,2,171,2024-04-16,3.44,4,67,74,STR23-00101
41080693,Comfy West Side Townhouse w/ Two Master Suites,206664747,Penny And Bryce,,Bozeman,45.68641,-111.10851,Entire home/apt,264,2,51,2023-10-16,0.99,1,131,8,STR22-00070
41296861,Bozeman Family Rancher - Close to MSU | Clean.,32302835,Sarah,,Bozeman,45.68151,-111.04976,Entire home/apt,146,2,207,2024-03-26,4.01,1,336,27,STR20-00131
41430974,Comfortable and Modern Bozeman Abode,222903364,Debbie,,Bozeman,45.68399,-111.06462,Entire home/apt,189,3,131,2024-03-23,2.57,1,32,20,STR23-00182
41749663,Aspen Brook - Immaculate home with mountain views.,329791321,Patrick,,Bozeman,45.72972,-111.06746,Entire home/apt,332,30,63,2023-10-31,1.35,1,319,12,
42330186,The Gray Box! Downtown Apartment,80123200,Heather,,Bozeman,45.68531,-111.03714,Entire home/apt,129,1,329,2024-03-31,6.57,1,82,86,str21-00025
42471467,Guesthouse: 10min walk downtown- Dogs +Cancels OK!,22366054,Tessa,,Bozeman,45.68469,-111.03912,Entire home/apt,140,2,264,2024-03-10,5.33,9,265,39,STR21-00033
42563510,Main St Bozeman Condo - Walk to Parks & Eateries!,122381278,Evolve,,Bozeman,45.67899,-111.02318,Entire home/apt,194,30,60,2023-12-28,1.31,14,305,14,
42690670,Bozeman Surf House,340073907,Bo,,Bozeman,45.68477,-111.03245,Entire home/apt,215,2,131,2024-04-13,3.08,1,52,33,Str20-00257
42913733,Historic Bozeman Hideaway,2209026,Kristen,,Bozeman,45.683712,-111.024773,Entire home/apt,189,30,92,2024-03-31,2.25,3,290,24,
43516278,Downtown Bungalow - side door,26925375,Loretta & Jack,,Bozeman,45.67757,-111.03405,Entire home/apt,119,1,292,2024-04-07,6.27,2,291,76,STR23-00008
43624070,"Stylish Two-Bedroom Near Dining, Trails & Downtown",2485195,Kay,,Bozeman,45.66105,-111.03419,Entire home/apt,136,3,84,2024-04-11,2.44,1,6,18,STR20-00032
43689621,Cozy upstairs apartment - 5 blocks from downtown,22056231,Kelsey,,Bozeman,45.68364,-111.04161,Entire home/apt,125,2,207,2024-04-07,4.44,1,61,57,STR22-00046
43745279,Lindley House,8224408,Paul,,Bozeman,45.67626,-111.03205,Entire home/apt,570,4,13,2024-04-12,0.34,22,235,2,str20-00389
43745323,Legend's Luxury Townhouse,8224408,Paul,,Bozeman,45.70646,-111.02114,Entire home/apt,273,4,10,2023-10-16,0.24,22,327,1,str20-00333
43745331,Northside Modern Farmhouse,8224408,Paul,,Bozeman,45.68406,-111.03148,Entire home/apt,247,3,10,2024-04-02,0.23,22,237,2,str20-00209
43788075,Peach Street Guesthouse | Best Location in BZN,141188755,Emily,,Bozeman,45.68665,-111.02744,Entire home/apt,190,2,186,2024-03-30,4.23,1,162,44,STR20-00376
43928912,*Luxury+Romance Downtown* Absolutely Dreamy Shower,169754903,VR Bozeman,,Bozeman,45.67809,-111.03002,Entire home/apt,197,1,93,2024-04-02,2.03,5,12,27,STR23-00095
43928924,*Downtown for 4* Upscale + Walk to everything!,169754903,VR Bozeman,,Bozeman,45.6781,-111.03002,Entire home/apt,190,1,72,2024-03-15,1.61,5,17,11,STR23-00095
44062808,BozemanAir - Montana Main House,304628102,Lisa,,Bozeman,45.64666,-111.06426,Entire home/apt,225,30,21,2024-02-05,0.61,4,251,7,STR20-00401
45027743,Modern ADU In Bozeman South Side Historic,80104837,Arne,,Bozeman,45.67701,-111.04049,Entire home/apt,245,2,42,2024-03-28,0.98,1,313,10,STR23-00072
45075319,Woodland Loft - Centrally Located Luxury,219957508,Luke,,Bozeman,45.68884,-111.06606,Entire home/apt,135,1,358,2024-04-14,8.14,1,50,105,STR21-00003
45179305,2 blocks to DOWNTOWN BOZEMAN!!!,31042092,Bri,,Bozeman,45.67728,-111.03355,Entire home/apt,200,2,56,2024-03-30,1.27,1,21,7,STR23-00068
45381974,Cozy Home in the Heart of Downtown,317251520,Katie,,Bozeman,45.68285,-111.04523,Entire home/apt,90,2,61,2024-04-14,1.50,4,42,22,STR23-00016
45543284,"Cozy & Luxe ""Lagom1Stay"" Top Floor Loft Downtown",241117654,Abigail,,Bozeman,45.677583261624356,-111.04621612380372,Entire home/apt,136,2,103,2024-04-07,4.85,1,121,60,STR20-00391
45636583,GREAT Location in Downtown Bozeman!,368324386,John,,Bozeman,45.67916,-111.04732,Entire home/apt,109,2,187,2024-04-04,4.39,1,0,56,STR23-00092
45825187,Immaculate Downtown Bozeman Condo 1 Block off Main,27061791,Ambrose & Jill,,Bozeman,45.67761,-111.04702,Entire home/apt,154,2,155,2024-03-31,3.81,1,0,57,STR20-00392
45879842,Downtown Creekside Hideaway - 30 Day Minimum,3056473,Kelly,,Bozeman,45.67102,-111.03358,Entire home/apt,230,30,0,,,1,57,0,
46104133,Lamme Hideaway,104010331,Dream MT,,Bozeman,45.68038,-111.04265,Entire home/apt,358,30,36,2023-03-07,0.87,5,65,0,
46335623,Downtown Bozeman condo with mountain views,334582361,Kelly,,Bozeman,45.67934,-111.04826,Entire home/apt,189,3,121,2024-03-11,2.93,1,235,30,STR23-00166
46377655,*Downtown + Privacy * ~ 2 Separate Flats Included!,169754903,VR Bozeman,,Bozeman,45.6781,-111.03002,Entire home/apt,255,1,80,2024-03-18,2.22,5,274,22,STR23-00095
46641566,"The Aviation Suite - great location, lovely views",7161309,Orlando,,Bozeman,45.70168,-111.09859,Entire home/apt,100,30,26,2023-09-06,0.64,3,239,3,
46816607,Trailer Glamping of Story Hills,7831671,Lei-Anna & Troy,,Bozeman,45.69257,-111.02437,Entire home/apt,77,1,37,2024-03-16,1.24,1,205,9,
47314704,BozemanAir - Bozeman Bungalow,304628102,Lisa,,Bozeman,45.647,-111.0652,Entire home/apt,275,30,99,2023-12-26,2.56,4,253,54,STR20-00401
47359172,Modern loft near Downtown & MSU w/mountain views,78849013,Stay Montana,,Bozeman,45.69913,-111.04347,Entire home/apt,130,1,59,2023-09-14,1.52,12,331,5,STR22-00089
47469271,Basecamp Bozeman   (STR22-00050),207748076,Richard,,Bozeman,45.67383,-111.05377,Entire home/apt,155,30,29,2023-11-21,1.25,1,168,18,STR22-00050
47501268,Private Guest Apartment w *Breathtaking* Mtn Views,42711132,Chris,,Bozeman,45.68301,-111.11277,Entire home/apt,,2,82,2024-03-09,2.38,1,0,19,STR23-00175
47769612,"3 bedroom apt,  blocks from downtown",374451536,Dan,,Bozeman,45.68276953040054,-111.04389827504818,Entire home/apt,128,2,121,2024-04-14,3.11,3,273,39,STR22-00055
47871817,Cozy Studio in the Heart of Downtown,317251520,Katie,,Bozeman,45.68282,-111.04558,Entire home/apt,78,1,225,2024-04-07,6.04,4,0,100,STR23-00135
47885451,"Cannery North - Cozy, Modern 1 bedroom in Bozeman'",158595657,Mountain Home,,Bozeman,45.692997,-111.03537,Entire home/apt,165,1,39,2024-02-24,1.02,41,319,12,STR21-00009
47890304,Bozeman 303: Your Bozeman Basecamp!,21834257,Jacqui,,Bozeman,45.67851,-111.04722,Entire home/apt,135,2,145,2024-03-30,3.73,1,249,49,STR20-00399
47906487,"1 bedroom apt 5thandBeall, blocks from downtown",374451536,Dan,,Bozeman,45.68102,-111.04372,Entire home/apt,80,2,127,2024-04-14,3.32,3,275,30,STR22-00021
47966159,Picturesque condo with sweeping MT views,62463332,Devan,,Bozeman,45.64895,-111.06869,Entire home/apt,165,45,4,2023-07-18,0.19,1,191,1,
48030423,Cannery South - Sunny Two Bedroom Condo in Cannery,158595657,Mountain Home,,Bozeman,45.692997,-111.03537,Entire home/apt,275,1,35,2024-04-06,0.91,41,305,10,STR21-00008
48122335,"Bozeman Retreat - Clean, Comfortable, Downtown",103773075,Bozeman Montana,,Bozeman,45.684978,-111.041138,Entire home/apt,145,2,98,2024-03-23,2.54,4,273,28,STR21-00005
48167177,SOBO #403 near Downtown & MSU KING BED,4080107,Elise,,Bozeman,45.67814,-111.04756,Entire home/apt,108,1,154,2024-04-13,4.06,2,157,41,STR23-00196
48168037,SOBO #301 near Downtown & MSU Queen Bed,4080107,Elise,,Bozeman,45.67814,-111.04756,Entire home/apt,111,1,178,2024-04-14,4.68,2,96,48,STR23-00195
48200822,Private studio apartment near downtown Bozeman,150728239,Jessica,,Bozeman,45.6714,-111.05277,Entire home/apt,129,2,243,2024-04-07,6.37,1,156,70,STR23-00176
48428210,Bridger View,205470126,Chris,,Bozeman,45.69539,-111.06816,Entire home/apt,86,29,22,2024-03-30,0.59,1,45,1,STR23-00012
48563248,The Cowboy Inn - Downtown Bozeman,166104792,Unwritten Stays,,Bozeman,45.68237,-111.03918,Entire home/apt,157,2,101,2024-02-04,3.58,2,300,35,STR23-00064
48700264,Prof. Decorated 3BR Townhouse & Optional Explorer,44342268,Sam,,Bozeman,45.67968,-111.09647,Entire home/apt,164,30,33,2024-02-19,0.91,1,257,16,
48793153,Smack Dab in the Middle of Bozeman!,393645536,Arik And Rachel,,Bozeman,45.68743,-111.05715,Entire home/apt,203,3,64,2024-03-25,1.79,1,291,22,STR20-00387
48974287,The Granny Flat,6343008,Drew,,Bozeman,45.69059,-111.09576,Entire home/apt,110,2,57,2024-04-01,2.12,1,72,35,STR23-00152
48979458,"Parks, trails and open spaces!",179304077,Jami,,Bozeman,45.71233,-111.07847,Entire home/apt,300,2,29,2023-12-31,0.86,1,322,10,STR21-00004
49045151,Sweet Little Bungalow -  Full of Plants and Light,174302859,Alayna,,Bozeman,45.66441,-111.04006,Entire home/apt,85,30,12,2024-01-27,0.34,1,88,5,
49096743,1 Bedroom Apartment with Spectacular Views,395972229,Cody,,Bozeman,45.69013,-111.09505,Entire home/apt,136,1,179,2024-04-12,5.18,1,165,73,Str23-00171
49196937,Downtown Bozeman Birdhouse,8224408,Paul,,Bozeman,45.68296,-111.03711,Entire home/apt,296,3,8,2024-03-11,0.24,22,168,3,str21-00012
49426669,"Beautiful, clean townhome near MSU.",398642839,Dirk,,Bozeman,45.67174,-111.058,Entire home/apt,225,28,7,2023-08-11,0.20,1,148,1,
49563956,Mountain studio-luxe finishes upscale neighborhood,72406868,Jeni,,Bozeman,45.68269,-111.10016,Entire home/apt,152,1,110,2024-03-25,3.22,1,236,27,STR21-00018
49585772,Chic Bozeman Apartment - 1 Block Off West Main St!,122381278,Evolve,,Bozeman,45.67814,-111.04756,Entire home/apt,121,3,60,2024-03-11,1.69,14,309,18,STR23-00184
49638052,Trapper's Tea Downtown,16439933,Caitlin,,Bozeman,45.67702,-111.04866,Entire home/apt,232,3,61,2024-03-17,1.75,1,133,11,STR23-00180
49748930,Outwest Hideaway - One Bedroom Apartment in Valley,158595657,Mountain Home,,Bozeman,45.683002,-111.10436,Entire home/apt,220,1,26,2024-04-02,0.98,41,351,5,STR22-00048
49748933,West Side Oasis - Modern Home in Valley West,158595657,Mountain Home,,Bozeman,45.683002,-111.10436,Entire home/apt,385,1,25,2024-02-20,0.73,41,304,7,STR22-00048
49808248,"Homey Stay on Hoover Way Bozeman, MT!",163200599,Julie,,Bozeman,45.70094,-111.07488,Entire home/apt,165,2,103,2024-03-13,2.97,1,111,23,STR21-00017
50073308,Valley west Condo,167100607,Dillon,,Bozeman,45.6841229077419,-111.10380332820125,Entire home/apt,200,1,13,2024-04-01,2.36,1,61,13,STR24-00000
50075610,The Fox Den in Downtown Bozeman,219491,Elinor (Ellie),,Bozeman,45.678143,-111.047562,Entire home/apt,123,1,162,2024-04-07,4.70,3,267,53,STR23-00116
50191565,The City Slicker -  Spacious Luxury Townhome in Do,158595657,Mountain Home,,Bozeman,45.683912,-111.039173,Entire home/apt,800,1,37,2024-04-10,1.18,41,171,16,STR22-00098
50196973,"Bozeman Retreat: Hip, Clean, Comfortable, Downtown",103773075,Bozeman Montana,,Bozeman,45.684978,-111.041138,Entire home/apt,245,3,28,2023-12-28,0.82,4,42,7,STR21-00013
50246548,Bozeman 406 Downtown Loft with Indoor Parking!,3083856,Carrie,,Bozeman,45.678143,-111.047562,Entire home/apt,141,2,121,2024-03-31,3.68,2,225,43,STR23-19013
50268142,Airy Summit Guesthouse with Mountain Views,17222868,Leah,,Bozeman,45.71015,-111.08063,Entire home/apt,120,28,31,2024-03-13,0.90,1,219,8,
50306115,The Corner Cottage - Adorable Downtown Bozeman Hom,158595657,Mountain Home,,Bozeman,45.684452,-111.03921,Entire home/apt,250,1,19,2023-12-31,0.63,41,264,4,STR23-22345
50372449,Perkins Perch,8224408,Paul,,Bozeman,45.68446,-111.03054,Entire home/apt,307,4,14,2024-03-10,0.49,22,259,6,str21-00016
50520697,Downtown Bungalow - front door,26925375,Loretta & Jack,,Bozeman,45.67758,-111.03448,Entire home/apt,159,1,50,2023-10-21,1.46,2,86,23,STR23-00008
50545056,Northside Nook  -  Adorable Studio with Loft,126115316,Brady,,Bozeman,45.68236,-111.02455,Entire home/apt,182,2,59,2024-01-27,2.38,1,80,17,STR22-00013
50570285,Downtown Modern Bungalow - 3BR w/ Hot Tub,147570980,Catherine,,Bozeman,45.67004,-111.04376,Entire home/apt,150,30,4,2023-10-30,0.14,1,160,2,
50675728,Luna Lodge - Downtown Bozeman with indoor parking,87338185,Carrie,,Bozeman,45.678093,-111.046989,Entire home/apt,170,2,62,2024-03-11,2.34,2,127,27,STR21-00062
50708956,Brand New! Mtn Views+Outdoor Fireplace+Workspaces,112975939,Haley,,Bozeman,45.69044,-111.11082,Entire home/apt,365,30,62,2023-07-30,1.83,1,297,10,
50912777,Beall Street Bungalow-3 blocks to downtown center,44596719,Jade,,Bozeman,45.68119,-111.03468,Entire home/apt,152,1,196,2024-03-31,6.58,2,326,87,STR23-00141
50980152,Downtown Guesthouse,62405798,Ana,,Bozeman,45.674362,-111.033211,Entire home/apt,95,3,179,2024-03-27,5.55,1,28,54,STR21-00019
50980860,Downtown Villa,8224408,Paul,,Bozeman,45.68353,-111.0355,Entire home/apt,327,3,15,2023-12-18,0.45,22,225,4,str23-00138
51088432,GORGEOUS SOBO Urban Loft in Downtown Bozeman,21497881,Victoria,,Bozeman,45.67872,-111.04854,Entire home/apt,126,28,79,2024-04-07,2.52,1,150,28,STR23-00128
51127349,"North Bozeman Loft, Queen bed, Full Kitchen,W/D",62778374,John,,Bozeman,45.68804,-111.03484,Entire home/apt,169,3,49,2023-10-15,1.47,1,68,6,STR21-00028
51169850,Chic Bozeman Getaway,56404884,Sharon,,Bozeman,45.70245,-111.073448,Entire home/apt,299,2,70,2024-02-29,2.30,1,165,22,STR21-00048
51214592,The Cozy Nest Condo at The Farquharson Flats,290273936,Mike,,Bozeman,45.70478,-111.02665,Entire home/apt,132,30,76,2023-12-31,2.68,1,223,33,
51225637,Midtown Birdhouse,414692326,Kenneth,,Bozeman,45.68094,-111.04684,Entire home/apt,122,2,81,2024-04-10,2.44,1,279,28,STR23-20495
51244535,Adorable 1 bedroom in Bozeman w/off street parking,53146419,Olivia,,Bozeman,45.63512,-111.03432,Entire home/apt,88,5,13,2023-12-25,0.40,1,66,5,
51361417,Welcoming 3 BDRM/2.5 BA home—sleeps up to 9!,44712267,Emily,,Bozeman,45.68777,-111.05505,Entire home/apt,250,3,73,2024-04-08,2.23,1,0,23,STR22-00007
51366615,2 Bedroom Apartment 2 Blocks from MSU,91012372,Peter,,Bozeman,45.66549,-111.04195,Entire home/apt,149,30,14,2023-12-17,0.58,3,73,13,
51421125,Comfy Modern Industrial 1 Bedroom Condo,416457956,Sean,,Bozeman,45.69865,-111.04675,Entire home/apt,130,2,49,2024-03-20,1.51,1,22,20,STR23-00193
51543047,Heart of Bozeman: Two-Bedroom Private Suite,391326883,Ken,,Bozeman,45.68758,-111.06143,Entire home/apt,202,1,78,2023-09-17,2.39,1,95,13,STR23-00188
51747515,Bozeman Southside Retreat - Well-Appointed Home on,158595657,Mountain Home,,Bozeman,45.64361,-111.06736,Entire home/apt,167,1,0,,,41,245,0,STR23-12345
51747517,Heart of Bozeman - Luxury Condo in Downtown Bozema,158595657,Mountain Home,,Bozeman,45.67944,-111.03821,Entire home/apt,97,1,0,,,41,245,0,STR23-12345
51747520,Peak View Townhome - Modern Townhome with Amazing,158595657,Mountain Home,,Bozeman,45.64791,-111.06808,Entire home/apt,150,27,0,,,41,260,0,
51747521,Luxury penthouse in downtown Bozeman!,158595657,Mountain Home,,Bozeman,45.6797,-111.03749,Entire home/apt,147,27,1,2024-03-30,1,41,18,1,
51747523,Bridger View Loft - New 30 day furnished rental ne,158595657,Mountain Home,,Bozeman,45.68319,-111.02188,Entire home/apt,127,1,0,,,41,246,0,STR23-12345
51825573,Downtown Bozeman Western Cottage,1259005,Alexandria,,Bozeman,45.68239,-111.02943,Entire home/apt,,2,90,2023-12-29,2.87,1,0,41,STR22-00056
52005720,ADU208: Immaculate 1-bedroom downtown ADU,103773075,Bozeman Montana,,Bozeman,45.685394,-111.034073,Entire home/apt,149,2,38,2024-02-26,1.23,4,251,15,STR21-00036
52225142,Western Magic - 3 Bedroom + Office Bozeman Condo,9358423,Julie,,Bozeman,45.68662,-111.11566,Entire home/apt,245,30,35,2023-10-15,1.13,1,325,10,
52225520,Meadowlark Suite,20710905,Jacquie,,Bozeman,45.67527,-111.0467,Entire home/apt,110,2,118,2024-03-26,3.87,1,82,41,STR21-00038
52258846,The Cat`s Meow,104010331,Dream MT,,Bozeman,45.68864,-111.04312,Entire home/apt,352,30,18,2023-07-17,0.58,5,362,1,
52281958,Olive House - downtown retreat,7161309,Orlando,,Bozeman,45.6776,-111.04815,Entire home/apt,119,3,117,2024-03-30,4.02,3,164,39,STR23-00123
52282359,Brightly remodeled home walking distance to town.,22311745,Julie,,Bozeman,45.66389,-111.04308,Entire home/apt,220,30,2,2022-03-10,0.07,1,138,0,
52303432,Access to all things Bozeman - with indoor parking,271534497,Jason,,Bozeman,45.67758,-111.04696,Entire home/apt,155,3,44,2024-04-01,1.48,2,247,21,STR23-00163
52305194,Bozeman Prairie Craftsman,423332913,Mark,,Bozeman,45.69842,-111.08659,Entire home/apt,395,2,31,2023-12-16,1.00,1,19,13,STR24-00011
52425494,"Access Friendly Location. Airport, YSNP & MSU",242945835,Stephanie,,Bozeman,45.707873218880685,-111.08126866491305,Entire home/apt,144,2,43,2023-10-16,1.43,1,4,7,STR24-00019
52436764,Private 2 Bedroom Suite - Near Downtown & MSU,3502709,Dylan,,Bozeman,45.67581,-111.05659,Entire home/apt,103,1,196,2024-04-08,6.89,1,87,60,str21-00051
52441838,Quiet 1-Bedroom guest suite with hot tub access!,35291991,Tiera,,Bozeman,45.71412,-111.02893,Entire home/apt,86,2,55,2024-03-28,1.79,1,115,39,STR23-00178
52457187,"King Bed, Workstation, & Fast WiFi",357080696,Cooper,,Bozeman,45.68765,-111.06442,Entire home/apt,195,30,11,2024-03-23,0.38,1,293,2,
52513808,Modern Midtown Loft,425045303,Jamie And Luke,,Bozeman,45.68719,-111.04393,Entire home/apt,194,3,45,2024-04-01,1.64,1,89,22,STR23-00148
52537069,"3 bedroom,Top Floor blocks from downtown",374451536,Dan,,Bozeman,45.6832604185712,-111.04303887747903,Entire home/apt,258,30,58,2023-09-18,1.90,3,172,15,
52570170,**Downtown Bozeman Historic Main Street Condo**,12702811,Carla,,Bozeman,45.67941,-111.03955,Entire home/apt,198,3,52,2024-03-11,1.83,3,338,14,STR21-00056
52610317,Downtown Bozeman Main Street Suite,12702811,Carla,,Bozeman,45.68005,-111.03929,Entire home/apt,209,3,77,2024-04-14,3.01,3,332,31,STR22-00005
52615844,Loft w/balcony views & grill near Downtown & MSU,78849013,Stay Montana,,Bozeman,45.69987,-111.04525,Entire home/apt,130,1,31,2023-10-16,1.05,12,337,5,STR22-00018
52629865,Mid-Century Bozeman Townhome ~ 1 Mi to Dtwn!,122381278,Evolve,,Bozeman,45.66863,-111.04056,Entire home/apt,101,30,6,2024-03-31,0.24,14,258,2,
52733780,Spacious 2 bed room home with a gas fire place.,310687828,Patti,,Bozeman,45.69083,-111.088905,Private room,115,30,0,,,1,173,0,
52809552,Dwell Skyview,8224408,Paul,,Bozeman,45.682308,-111.027911,Entire home/apt,135,2,14,2024-04-01,0.48,22,178,3,str22-00017
52864546,Cheerful 5 bedroom residential home .,428015297,Brian,,Bozeman,45.70222,-111.01177,Entire home/apt,800,30,4,2023-12-21,0.18,1,363,2,
52874624,Grand Mountain Getaway: 2 Mi to Dtwn Bozeman!,122381278,Evolve,,Bozeman,45.64698,-111.03991,Entire home/apt,,30,1,2022-02-20,0.04,14,0,0,
52894917,"Large Home w/ Patio & Yard, 2 Mi to Downtown",122381278,Evolve,,Bozeman,45.66021,-111.02286,Entire home/apt,395,30,19,2023-11-05,0.64,14,321,6,
53149809,Midtown Retreat - Great location for skiing Bridge,158595657,Mountain Home,,Bozeman,45.687916,-111.044533,Entire home/apt,260,1,18,2023-09-18,0.68,41,327,5,STR22-00106
53281258,Luxury at it's best! King 1 bed studio Super Host!,225774632,Joe And Michelle,,Bozeman,45.68692,-111.04542,Entire home/apt,175,2,13,2023-12-17,0.45,3,279,6,STR23-00080
53344108,Apartment close to Downtown Bozeman .| MSU,243371257,Travis,,Bozeman,45.68203,-111.05148,Entire home/apt,105,30,91,2023-10-06,3.13,1,338,17,
53395300,The Nest - Cozy ADU in Downtown Bozeman,158595657,Mountain Home,,Bozeman,45.683842,-111.039383,Entire home/apt,245,1,18,2023-07-05,0.64,41,354,2,STR22-00093
53444312,"Cozy 3 Room Home - Near Downtown, MSU, Yellowstone",191771128,Muneer,,Bozeman,45.68708,-111.11291,Entire home/apt,180,3,52,2024-03-31,2.37,1,179,20,Exempt
53493470,Downtown Cowboy Condo on Main,194602628,Lori,,Bozeman,45.678993,-111.022896,Entire home/apt,175,2,103,2024-04-07,3.64,1,151,46,STR21-00053
53607095,Amazing Montana Decor Condo!,225774632,Joe And Michelle,,Bozeman,45.68799,-111.04346,Entire home/apt,199,2,31,2024-03-03,1.11,3,321,15,STR23-00081
53611532,Renovated Townhouse in the Heart of Bozeman,324665946,James,,Bozeman,45.68934,-111.04311,Entire home/apt,199,3,52,2023-12-18,2.24,1,304,24,STR23-00098
53614256,Montana Luxury Condo at its Best!,225774632,Joe And Michelle,,Bozeman,45.68845,-111.04488,Entire home/apt,299,2,29,2024-02-06,1.02,3,172,10,STR23-00079
53631171,Lovely 3 Bedroom Condo Near MSU and Downtown #C,434235941,Tuyet Ngan Thi,,Bozeman,45.6756,-111.06407,Entire home/apt,152,1,52,2024-04-08,1.86,2,273,25,Str23-00127
53663663,Studio apartment sits above restaurants & bars,339686590,Shaylee,,Bozeman,45.68693,-111.04391,Entire home/apt,186,30,49,2023-10-16,1.75,1,364,15,
53679965,Private suite / Cali king bed / beautiful Bozeman,19442684,John,,Bozeman,45.67677,-111.07857,Private room,399,4,41,2023-09-25,1.49,1,364,6,STR45-46382
53699638,Gallatin Getaway,104010331,Dream MT,,Bozeman,45.713802337646484,-111.07494354248047,Entire home/apt,220,30,6,2022-07-03,0.22,5,360,0,
53740492,New!  Wonderful location! The Amble on Inn.,20374203,Laura,,Bozeman,45.68156,-111.04654,Entire home/apt,271,3,30,2024-03-11,1.28,1,214,20,STR22-00014
53888773,Cottage with sauna in downtown Bozeman,60108530,Lark,,Bozeman,45.68372,-111.02553,Entire home/apt,154,2,172,2024-04-16,6.51,1,131,90,STR23-00059
54002559,Bozeman East Gallatin Hide Away,308336264,Bonnie And Sam,,Bozeman,45.7283,-111.06929,Entire home/apt,120,30,4,2023-05-15,0.15,1,167,1,
54034685,South Bozeman Betty,8224408,Paul,,Bozeman,45.67464,-111.03546,Entire home/apt,296,3,21,2024-03-26,0.77,22,207,6,str23-00139
54056354,Historic Cockrill House,158595657,Mountain Home,,Bozeman,45.677101,-111.042,Entire home/apt,480,1,36,2024-02-25,1.38,41,42,10,STR20-00363
54241392,Peaceful room w/ private bathroom,162342143,Evelyn,,Bozeman,45.67445,-111.08531,Private room,85,1,79,2024-02-25,2.98,1,132,30,Exempt
517215584943706040,💥New! 👑KING BEDS 🐶Pets📍Location ⛰Views 🔹Modern,282205909,JJ & Heather,,Bozeman,45.7015,-111.07297,Entire home/apt,112,30,3,2023-11-24,0.16,1,47,1,
537860368072032340,Bozeman Cozy Condo,97952734,Brandy,,Bozeman,45.70885,-111.08043,Entire home/apt,159,30,67,2024-01-06,2.48,1,315,22,
546425566378883463,Modern Getaway in Downtown Bozeman!,441798626,Renee,,Bozeman,45.67716,-111.05729,Entire home/apt,375,3,25,2024-01-03,0.98,2,250,10,STR23-00233
548783269779670430,Modern Downtown - Walk to Everything!!,370721732,Rebecca,,Bozeman,45.67235,-111.0466,Entire home/apt,132,1,207,2024-04-09,7.67,1,0,101,STR23-00167
552884755359876744,Westlake Retreat:Midtown BZN,87300632,Liz,,Bozeman,45.68846252711537,-111.04555386511979,Entire home/apt,142,2,44,2024-03-23,1.69,16,341,19,STR23-00022
553433994880561912,"Luxury Bozeman, Montana Cottage Rental",9851660,Tanya,,Bozeman,45.670395,-111.007668,Entire home/apt,475,2,8,2024-01-01,0.70,2,288,8,STR23-00046
553665581841208231,"Contemporary Cottage-Close to MSU, DTWN & HOSP.",7704883,Christyn,,Bozeman,45.67017,-111.0084,Entire home/apt,268,2,20,2024-03-15,0.78,1,180,10,STR23-00154
554209298323260405,"Modern Lux Cottage, Mtn Views, Close to Downtown",19523133,Pele,,Bozeman,45.66952,-111.00864,Entire home/apt,213,2,40,2024-03-25,1.54,2,42,26,STR23-00024
554494826131033621,Charming Home by the Park with a Hot Tub,283815228,Michael,,Bozeman,45.68722,-111.08746,Entire home/apt,170,30,13,2024-02-18,0.53,1,216,6,
557817837659306237,Original Bozeman Farmhouse,149465780,Cathleen,,Bozeman,45.67585,-111.03754,Entire home/apt,650,30,0,,,1,327,0,
559527062706136123,30-day rental in South Bozeman minutes MSU,78849013,Stay Montana,,Bozeman,45.64789,-111.06953,Entire home/apt,104,30,3,2023-04-30,0.14,12,337,1,
561717640997313387,Mntn Views - 5 mins from MSU/dwntwn & hot tub!,215007281,Jack,,Bozeman,45.66922,-111.00741,Entire home/apt,192,2,16,2024-04-07,1.04,1,166,14,STR22-00075
565095812826326318,3 bed/2 bath MTN View Ranch Style Home-DT 1 mile,324938857,Laura,,Bozeman,45.67472,-111.11597,Entire home/apt,332,2,13,2023-07-31,0.57,1,308,7,STR23-00121
566507802395312389,"Modern, new, bright, 3 bdrm townhouse; WFH spaces.",87144196,Juli,,Bozeman,45.69038,-111.112,Entire home/apt,145,30,5,2023-09-16,0.23,1,246,3,
567679385572369303,"Affordable, Cozy, Basemnt 2 Bdrm",25065063,Kura,,Bozeman,45.68379,-111.03785,Entire home/apt,217,30,35,2023-08-03,2.34,1,0,24,
570187917929856190,The Adventurer's Den - Downtown Bozeman,85914608,John,,Bozeman,45.68202,-111.04917,Entire home/apt,110,1,129,2024-03-31,6.38,2,53,87,STR23-00158
573400389346700864,South Tracy Place in Historic Downtown Bozeman,127451313,Pamela,,Bozeman,45.673515,-111.03756,Entire home/apt,176,1,87,2024-03-22,3.44,2,326,46,Str23-00153
577635693880635570,"Modern Downtown Condo, block off Main Street!",102597941,Tom,,Bozeman,45.67809,-111.04699,Entire home/apt,117,3,63,2023-10-22,2.74,1,112,27,STR21-00014
580390397040922793,"Sweet condo 3 bedroom near MSU, downtown Bozeman",434235941,Tuyet Ngan Thi,,Bozeman,45.67516,-111.06284,Entire home/apt,165,1,33,2024-01-20,1.31,2,276,15,Str23-00127
582075717033605282,"Large Townhome w/ Fenced Yard, 4 miles to Downtown",59950618,Kellen,,Bozeman,45.69057,-111.10839,Entire home/apt,150,2,56,2024-04-12,2.23,1,108,28,STR22-00011
584102878258687708,Blue Door Duplex- West End Retreat!,146002701,Lyndsey,,Bozeman,45.6917,-111.10825,Entire home/apt,175,2,29,2024-04-01,1.23,1,87,15,STR22-00040
588475152538336095,Historic 4 Bdrm w/ Hot Tub- Between MSU & Main St.,91589612,Joanna,,Bozeman,45.67448,-111.04925,Entire home/apt,500,30,42,2024-03-04,1.86,1,333,20,
588556801205015597,"Brick and Iron House, NE Bozeman",143611149,Teri,,Bozeman,45.6828,-111.02837,Entire home/apt,200,2,42,2024-04-07,2.51,1,298,29,STR22-00096
590006855129005370,Downtown Bozeman Condo-Sleeps 5 - Walk to Downtown,3083856,Carrie,,Bozeman,45.67784,-111.04811,Entire home/apt,144,2,65,2024-03-30,2.64,2,205,22,STR23-32377
601374649522692032,Beautiful home in the heart of Gallatin Valley.,7003839,Taylor,,Bozeman,45.68696,-111.09331,Entire home/apt,235,2,34,2023-10-16,1.44,1,323,15,STR22-00015
601529527516210190,A remote worker’s dream - 2 bedroom townhouse,89581672,Mackenzie,,Bozeman,45.68253,-111.07834,Entire home/apt,140,30,1,2022-09-07,0.05,1,345,0,
604774251362283744,Prime home w/ yard near downtown,7485966,Ilona,,Bozeman,45.67825,-111.07573,Entire home/apt,75,30,4,2023-07-08,0.18,2,241,1,
606641041131550235,The Downtown Bozeman Guest House,30062388,Cary,,Bozeman,45.68107,-111.03519,Entire home/apt,209,3,47,2024-04-05,2.22,1,281,27,STR23-00083
607292612970501183,"BEAR 🐻 bedroom in central Bozeman, ladies only",69417001,Louisa,,Bozeman,45.67741,-111.05991,Private room,40,30,14,2023-07-30,0.61,2,94,6,
607365320794077990,"FOX 🦊 bedroom in central Bozeman, ladies only",69417001,Louisa,,Bozeman,45.67687,-111.06147,Private room,60,28,8,2023-11-24,0.36,2,101,5,
609294509698157532,Stylish 2-br condo in charming downtown Bozeman,425903673,Patricia,,Bozeman,45.67801754053326,-111.0468779406456,Entire home/apt,177,2,72,2024-03-31,3.32,1,329,40,STR22-00044
611640860554506390,Blue Hem on Bozeman 1-Month Min,8224408,Paul,,Bozeman,45.68299,-111.03378,Entire home/apt,190,30,1,2022-11-05,0.06,22,298,0,
612893881849188932,Yellowstone | Montana Made Condo | Near MSU,441896318,Payton,,Bozeman,45.65089,-111.06771,Entire home/apt,140,30,70,2023-09-09,2.95,11,359,23,
618334957573105453,"Modern Guest Suite, 3 Miles from Downtown Bozeman",49756188,Marissa,,Bozeman,45.64664,-111.06569,Entire home/apt,195,2,63,2023-11-06,2.93,1,294,37,STR22-00077
620357586433612824,Play in the mountains & stay downtown!,40742998,Katie,,Bozeman,45.68145,-111.04979,Entire home/apt,160,30,50,2023-10-22,2.21,1,173,22,
620806144709121248,Cozy 2 bedroom townhouse near downtown Bozeman.,322166386,Han,,Bozeman,45.682636,-111.058601,Entire home/apt,109,3,70,2024-01-27,3.68,1,16,38,STR22-00065
625945698382957503,Casa Opa- Come stay downtown for your ski trip! Bo,158595657,Mountain Home,,Bozeman,45.683735,-111.041245,Entire home/apt,800,1,9,2024-04-03,0.42,41,311,6,STR22-00099
626166007252132576,4-Bedroom House in Central Bozeman,68861172,Erica,,Bozeman,45.68995,-111.05319,Entire home/apt,320,2,25,2024-01-02,1.16,1,31,17,STR23-00044
629234668508392975,Garden Basement Apartment,20214941,Alli,,Bozeman,45.66106,-111.0353,Entire home/apt,108,3,35,2024-03-15,1.57,1,121,18,STR23-00089
629671506047024108,Bozeman Bungalow Downtown,6542194,Jenny,,Bozeman,45.6813371,-111.0297002,Entire home/apt,166,1,78,2024-03-19,4.15,1,258,53,STR22-00072
631893047184397847,New cozy modern condo near MSU,460235948,Callahan,,Bozeman,45.651386,-111.068047,Entire home/apt,153,1,53,2023-11-12,2.33,1,344,17,STR24-00007
635359568019045907,New Chalet/Mins to Downtown/MSU/Hike/Fish/Ski,7732231,Tara,,Bozeman,45.68305,-111.10158,Entire home/apt,99,2,76,2024-03-31,3.63,1,338,43,STR23-00020
636007021944503844,Modern guesthouse in Bozeman,9859988,Tobi,,Bozeman,45.68936,-111.09333,Entire home/apt,120,2,107,2024-03-24,4.71,1,142,55,STR23-00039
639045968795630514,Riverside Townhome,432624625,Debra,,Bozeman,45.729839,-111.067642,Entire home/apt,125,30,1,2022-08-06,0.05,1,103,0,
640809261320548067,Bozeman Bison Bunker - Near Montana State MSU,462304758,Leslie,,Bozeman,45.65155,-111.07762,Entire home/apt,175,1,46,2024-03-27,2.20,1,339,32,STR22-00067
641334978923453922,Historical 2 Bedroom  House Downtown (on Main St.),462293753,Yanfei,,Bozeman,45.67962,-111.04536,Entire home/apt,184,1,111,2024-04-08,4.92,2,306,63,STR22-00019
643569830401168312,Historical 5 bed  House in Downtown on Main Street,462293753,Yanfei,,Bozeman,45.67799,-111.0444,Entire home/apt,261,1,93,2024-04-11,4.16,2,278,50,STR22-00020
645141111167456444,La Casa De Los Animales (the animal house),243889371,Mallory,,Bozeman,45.67989,-111.07472,Entire home/apt,186,1,73,2024-03-31,3.32,1,290,28,STR23-00097
648162080320263556,The Bear Den: Downtown Bozeman Penthouse Mtn Views,219491,Elinor (Ellie),,Bozeman,45.67792,-111.0478,Entire home/apt,89,1,109,2024-04-15,4.97,3,280,63,STR23-00126
650129471158078513,Centrally Located 4 Bedroom Townhouse W/King Bed,464467613,Tatanka,,Bozeman,45.70271,-111.07377,Entire home/apt,329,2,64,2024-03-31,3.09,1,213,39,STR22-00053
650948670828244727,Bozeman's Main Stay the heart of downtown Bozeman,464649532,Christie,,Bozeman,45.6790578,-111.0445128,Entire home/apt,349,2,40,2024-03-25,1.85,1,290,26,STR23-00183
652171270514431965,Beautiful 1st floor queen bed + private bath,3536705,Lindsay,,Bozeman,45.6487211,-111.0689732,Private room,68,1,127,2024-04-14,5.91,1,137,84,STR23-00220
654936580130899134,Urban Renewal - Great ADU near downtown!,158595657,Mountain Home,,Bozeman,45.6841,-111.041,Entire home/apt,245,1,16,2024-03-29,0.74,41,361,4,STR22-00107
655684504477318769,Bright updated log cabin with great outdoor living,53720318,Jane,,Bozeman,45.68623,-111.03973,Entire home/apt,204,3,37,2024-03-24,1.91,1,309,21,STR23-00049
660191946795731569,Central Bozeman Downtown Condo in 5 West Building.,122919762,Cyd,,Bozeman,45.67952,-111.04253,Entire home/apt,110,30,0,,,1,231,0,
665301909432494038,2BR Mountainview | Balcony | Dog Friendly | W/D,37331595,Vacasa Montana,,Bozeman,45.68717,-111.04427,Entire home/apt,197,2,30,2024-04-02,1.46,3,355,9,STR22-00038
668371805193146476,The Sweet Spot-Downtown Luxury *Walk Everywhere!*,166104792,Unwritten Stays,,Bozeman,45.67715,-111.04078,Entire home/apt,316,3,32,2024-03-24,1.56,2,84,18,STR23-00052
668710495380377348,King Bed Condo | Country Views | 5 Min From MSU,441896318,Payton,,Bozeman,45.65097,-111.06925,Entire home/apt,120,30,50,2023-09-17,2.36,11,359,22,
670180153402811011,Versatile 3 Bedroom Townhouse in convenient loc.,446248807,Ty,,Bozeman,45.690875,-111.1059493,Entire home/apt,150,2,65,2024-03-31,3.13,1,266,41,STR22-00049
670436576549277803,Downtown Beall Park Modern 2 Bedroom,120268430,Olga,,Bozeman,45.68321,-111.03567,Entire home/apt,319,2,19,2023-11-23,0.99,1,145,12,STR23-00100
670903809145917587,Cozy Bozeman Condo w/ Proximity to Downtown!,122381278,Evolve,,Bozeman,45.67809,-111.04699,Entire home/apt,137,2,22,2024-03-19,1.06,14,316,12,STR22-00039
671297966595864136,Downtown 2BR across from lovely park,7161309,Orlando,,Bozeman,45.68749,-111.03636,Entire home/apt,116,28,55,2024-01-28,2.60,3,155,27,STR23-00124
673834076305334804,Park View | Walking Trails | Amazing Location MSU,457457017,Kennedy,,Bozeman,45.65083,-111.06909,Entire home/apt,140,1,47,2023-09-08,2.26,1,342,19,STR24-00017
673899657996260537,(New Build) Townhome 10mins from Downtown,126358377,Jordan And Morgan,,Bozeman,45.71141,-111.08247,Entire home/apt,137,1,72,2024-03-31,3.58,1,222,47,STR22-00033
674017030037623523,Basecamp Bozeman—Walk Everywhere,472419080,Cordelia,,Bozeman,45.6739571,-111.0484076,Entire home/apt,589,3,6,2023-09-17,0.30,1,112,4,STR22-00052
675168752481235212,Walkable 1BR | Fireplace | Patio,37331595,Vacasa Montana,,Bozeman,45.67995223688048,-111.03924026440238,Entire home/apt,165,2,33,2024-04-07,1.69,3,324,24,STR20-00238
681837303455762227,Peach Street Mountain Retreat- New apartment in Mi,158595657,Mountain Home,,Bozeman,45.685635,-111.0458,Entire home/apt,300,1,10,2024-03-11,0.55,41,309,9,STR22-00105
684167798771337575,Brand New Loft in the Heart of Downtown Bozeman!,388858579,Neil,,Bozeman,45.68455,-111.03824,Entire home/apt,124,2,58,2024-03-17,2.84,4,227,44,STR23-00181
692232554372122340,"Cozy lower level Duplex in beautiful Bozeman, MT.",474739122,Fiona,,Bozeman,45.64985,-111.04289,Entire home/apt,114,1,124,2024-04-12,6.12,1,27,80,STR22-00059
694011342626584843,Cozy Bright Studio in the Heart of Bozeman,317251520,Katie,,Bozeman,45.68317,-111.04503,Entire home/apt,84,1,106,2024-04-07,5.31,4,55,61,STR23-00135
699514354533913441,Glamping Wall Tent Located Near Downtown,418955198,Ty,,Bozeman,45.68565,-111.04007,Entire home/apt,85,30,57,2023-11-12,2.87,1,269,45,
702083877052289383,"Modern Downtown Condo w/Balcony, Parking & A/C",78849013,Stay Montana,,Bozeman,45.67697,-111.04782,Entire home/apt,174,1,8,2023-08-16,0.42,12,334,3,STR23-00071
705082802450406622,Saddlepeak View:Midtown BZN,87300632,Liz,,Bozeman,45.6868085045389,-111.0441329957711,Entire home/apt,190,3,29,2024-03-02,1.60,16,346,18,STR23-00145
708570967089315570,"Your Bozeman, Montana and Yellowstone Basecamp!",478100437,Rhonda,,Bozeman,45.71332,-111.07387,Entire home/apt,182,2,13,2024-03-06,0.69,1,128,11,STR23-00199
709455771969151762,Private Bed-Bath Suite w/ 2nd Bedroom Option,387917242,Jonathan,,Bozeman,45.675,-111.04076,Private room,125,1,41,2024-03-30,2.43,1,108,29,STR22-00086
710864131003324555,Spacious + Refined: 3 bedroom Condo w/ 2 kings,22366054,Tessa,,Bozeman,45.70208,-111.09074,Entire home/apt,180,2,45,2024-03-26,2.34,9,263,28,STR23-00063
714278609953671035,Bozeman Modern Family Friendly with Rooftop Deck,70317754,Mark And Jessica,,Bozeman,45.69033,-111.05359,Entire home/apt,194,2,100,2024-04-09,5.45,1,9,72,STR22-00076
714584915494812577,"Lg Master Bedroom w/private bathroom, & workspace",50844446,Jaymie,,Bozeman,45.70804050000001,-111.07258184285278,Private room,65,27,3,2023-06-30,0.22,2,178,2,
718782424531822375,1 block from Main Street,237078650,Lindsay,,Bozeman,45.67764469999999,-111.0456932,Entire home/apt,135,3,46,2024-03-04,2.87,1,13,24,STR22-00102
719644290329171991,Downtown Bobcat Penthouse with Bridger Mtn. Views!,187536670,Charity,,Bozeman,45.678093,-111.0469886,Entire home/apt,132,2,49,2024-04-09,2.77,1,127,33,STR23-00161
721776176947601105,The Bison Abode - Spacious Home 2 Bedrooms,105847111,Robert,,Bozeman,45.70427,-111.09384,Entire home/apt,135,2,23,2024-04-14,1.22,1,79,15,STR22-00082
721909326020120035,"Victorian Stay, Cannery District, Downtown Bozeman",9851660,Tanya,,Bozeman,45.68781725230628,-111.03268257937621,Entire home/apt,125,3,11,2024-04-05,0.91,2,138,11,STR23-00055
724711577396948826,"Stylish condo with Mtn Views, Walkable to Downtown",87338185,Carrie,,Bozeman,45.67707,-111.04608,Entire home/apt,166,2,26,2024-03-09,1.59,2,123,18,STR24-24194
729177429823443077,Lush Victorian garden with Bridger views,159312,Ryan,,Bozeman,45.68753,-111.02909,Private room,200,2,22,2023-10-15,1.23,4,112,16,STR22-00071
731157846501234670,Peaceful garden setting with 3 bedrooms,159312,Ryan,,Bozeman,45.687737583589794,-111.02902829206545,Private room,600,5,0,,,4,116,0,STR22-00071
733431858602294708,"Modern Three Bedroom, One Block From Downtown!",432049398,Holly,,Bozeman,45.68041,-111.03832,Entire home/apt,190,2,69,2024-04-01,3.76,1,279,43,STR22-00078
733544258624515986,"Modern, luxury comfort near hospital and downtown!",54268767,Melissa,,Bozeman,45.66926,-111.00779,Entire home/apt,239,28,7,2023-10-04,0.44,1,111,4,
735399457576581158,Grand Blue- New Home in downtown Bozeman!,158595657,Mountain Home,,Bozeman,45.68217,-111.041985,Entire home/apt,229,1,24,2024-03-26,1.42,41,269,14,STR22-00094
737229782526491097,"Bozeman Home - Pet Friendly, Mountain Views!",122381278,Evolve,,Bozeman,45.7019,-111.09343,Entire home/apt,125,30,0,,,14,166,0,
738975280279449873,Bozemanair - MSU Family Retreat 3x Everything,304628102,Lisa,,Bozeman,45.64691,-111.06623,Entire home/apt,500,30,1,2023-07-30,0.11,4,283,1,STR20-00401
740807774712657109,Luxury Studio in desirable Bozeman neighborhood,92164178,Daryl,,Bozeman,45.68283,-111.10215,Entire home/apt,205,2,11,2024-03-24,0.67,1,287,8,Str23-00090
743730695395267111,Large Remodeled 5-bed close to MSU and Downtown,192384472,Rory,,Bozeman,45.6481763,-111.042898,Entire home/apt,190,90,0,,,1,264,0,
744109164283136186,Cheerful & convenient two-bed townhome w fire pit,34644364,Jean,,Bozeman,45.69155,-111.07119,Entire home/apt,100,30,7,2023-03-26,0.46,1,309,0,
744478255073405873,In Town Cabin next to MSU,87807117,Brandon,,Bozeman,45.655081992055486,-111.045586,Entire home/apt,264,2,93,2024-04-12,5.28,1,0,64,Str22-00087
744893206921752588,"Grand Avenue Home, 2 Blocks from Downtown Bozeman",444342086,Rory,,Bozeman,45.6810906,-111.0402873,Entire home/apt,305,4,24,2023-12-27,1.36,2,246,9,STR23-00231
744981219974591332,Charming Pet Friendly Home near Downtown Bozeman,68940904,The Arrival,,Bozeman,45.6762697,-111.0775055,Entire home/apt,,29,34,2024-03-29,2.13,3,0,27,STR22-00109
746272150575051077,"Amazing 3 Bedroom Apt, Just Blocks from Downtown!",444342086,Rory,,Bozeman,45.6813,-111.03761,Entire home/apt,315,30,11,2023-10-15,0.64,2,210,5,
746287823014723902,Adorable 1-Bedroom Guest house with free parking,154200211,Alli,,Bozeman,45.66868,-111.1058,Entire home/apt,152,3,27,2024-03-17,1.56,1,289,24,STR23-00034
747853167329541412,Cozy Cooper Park Getaway - Downtown Bozeman,388858579,Neil,,Bozeman,45.67689,-111.04926,Entire home/apt,140,30,4,2024-03-15,0.25,4,71,3,
750942734997774914,Clean and comfy condo in Bozeman with backyard!,403281935,Julie,,Bozeman,45.69078433350981,-111.11072774232788,Entire home/apt,220,29,3,2024-03-06,0.50,1,88,3,
751509959977511403,Wanderlust Landing,89160947,Sandra,,Bozeman,45.6808,-111.10076,Entire home/apt,84,1,67,2024-04-08,4.60,1,0,58,STR22-00104
752850020109878238,3 Bedroom Bozeman Bungalow,257892190,Julia,,Bozeman,45.66109,-111.03294,Entire home/apt,189,1,46,2023-10-29,2.68,1,298,30,STR23-00210
753638881457290583,Peaceful Bozeman Retreat,2209026,Kristen,,Bozeman,45.68315,-111.0256,Entire home/apt,220,3,33,2024-04-06,2.09,3,291,24,STR22-00058
756562057400552311,Mountain Coffee,247540892,Shaun,,Bozeman,45.68097,-111.10376,Entire home/apt,91,1,35,2024-03-31,2.66,3,223,32,STR23-00050
760721591626470539,Cheerful home close to trails and downtown,81733702,Erin,,Bozeman,45.65812,-111.02008,Entire home/apt,146,30,0,,,1,364,0,
761901172736042288,Garden grotto with wood stove,159312,Ryan,,Bozeman,45.68817,-111.02836,Private room,200,2,19,2024-03-18,1.11,4,99,15,STR22-00071
761946989286762213,Airy & spacious top floor suite,159312,Ryan,,Bozeman,45.68703,-111.02994,Private room,275,2,3,2023-08-21,0.18,4,112,2,STR22-00071
777089140263640024,Beautiful home. Epic downtown location!,15495078,Josh,,Bozeman,45.6741525,-111.0305273,Entire home/apt,263,3,23,2024-04-03,1.50,1,0,18,STR23-00197
779190288821368126,King Bed | Lion’s Den | Walk to MSU,441896318,Payton,,Bozeman,45.66111,-111.06632,Entire home/apt,128,1,42,2024-03-30,2.58,11,343,37,STR23-00062
779228204397216929,Country Music | King Bed | Mountain View’s,441896318,Payton,,Bozeman,45.66143,-111.06775,Entire home/apt,136,1,44,2024-04-09,2.94,11,0,35,STR23-00060
779228493719965346,Walk to MSU | Bridger + Big Sky | King Bed,441896318,Payton,,Bozeman,45.66099,-111.06775,Entire home/apt,131,1,48,2024-04-05,2.97,11,299,36,STR23-00105
779242618479987421,Yellowstone Country | Mountain Views | Walk to MSU,441896318,Payton,,Bozeman,45.66202,-111.06616,Entire home/apt,131,1,66,2024-04-07,4.07,11,322,55,STR23-00061
780455121479499585,Unique in town loft with great location !,9476037,Craig,,Bozeman,45.7006,-111.0868,Entire home/apt,155,3,10,2024-03-03,0.66,1,318,5,STR23-00035
781269260354960027,Lincoln Street Loft,108598734,Jean,,Bozeman,45.663605,-111.0602481,Entire home/apt,225,30,3,2023-06-24,0.21,1,175,2,
781335823078353258,Peaceful 3BD in heart of Bozeman,326083751,Alison,,Bozeman,45.68787,-111.07463,Entire home/apt,220,3,29,2024-04-01,1.87,1,89,20,STR23-00009
787856733290016042,Peaceful cozy room in Bozeman!,54143486,Louise,,Bozeman,45.69054,-111.11556,Private room,79,1,32,2023-09-19,2.34,1,299,29,STR22-00108
791968903124153834,NEW | Game House | Near Downtown,456500579,McCade,,Bozeman,45.6784,-111.07892,Entire home/apt,200,1,45,2024-03-10,3.13,3,326,39,STR23-00073
791974702034213602,Heart of Bozeman | Juke Box Jet Away,456500579,McCade,,Bozeman,45.67707,-111.07812,Entire home/apt,200,1,35,2024-03-30,2.38,3,319,27,STR23-00057
792657961239735749,Downtown Duplex | Game Room | Mountain Music,456500579,McCade,,Bozeman,45.67871,-111.07805,Entire home/apt,659,1,17,2024-03-29,1.26,3,306,15,STR23-00057
797809064791798577,"Pet Friendly, Downtown near MSU w/Mountain Views",78849013,Stay Montana,,Bozeman,45.67718,-111.08361,Entire home/apt,232,1,2,2023-06-09,0.19,12,313,2,STR20-00112
802991824524320425,Master Bedroom (with bathroom),7485966,Ilona,,Bozeman,45.67867,-111.07575,Private room,70,30,1,2023-03-31,0.08,2,86,0,
806613628933729906,Bright & Modern on Bridger Creek,831796,Krissy,,Bozeman,45.70382,-111.00275,Entire home/apt,250,50,0,,,1,300,0,
810105862930988714,Bridger View Condo,497406107,Jessi,,Bozeman,45.64859,-111.06908,Entire home/apt,219,2,5,2023-11-26,0.43,1,74,5,STR23-00108
810234452658536098,Huge Mountain Views near MSU!,87300632,Liz,,Bozeman,45.66336,-111.06136,Entire home/apt,116,30,3,2023-06-29,0.29,16,214,3,
810812829888263061,'Heart of Bozeman' Townhome w/ Patio Near MSU,122381278,Evolve,,Bozeman,45.68641,-111.0562,Entire home/apt,198,30,15,2023-12-29,1.11,14,220,13,
812242888359906055,Luxury Mountain View Townhome on the Park,10719166,Ted And Ann Marie,,Bozeman,45.689014,-111.108096,Entire home/apt,206,30,1,2023-10-07,0.15,8,228,1,
812293891329597358,Stylish SOBO Downtown Condo - Steps to Main St.,10719166,Ted And Ann Marie,,Bozeman,45.678108,-111.047012,Entire home/apt,180,2,11,2023-10-07,1.04,8,295,11,STR23-00174
828372856525547623,Little Yellow House - Heart of Downtown Bozeman,406871,Erin,,Bozeman,45.677804884636174,-111.04761477116395,Entire home/apt,251,2,34,2024-03-14,2.45,3,205,27,STR23-00164
831152233793916909,Spacious & Modern 2Unit Home -Perfect for Families,10533936,Taylor,,Bozeman,45.67552,-111.05104,Entire home/apt,404,1,18,2024-04-14,1.66,1,289,18,STR23-00187
836180476881926941,Cherry House,387840480,Nick,,Bozeman,45.6590918,-111.0167162,Entire home/apt,99,30,3,2024-03-02,0.24,1,292,2,
836266363975017458,Downtown Bozeman Guest House,492391213,Jeremy,,Bozeman,45.67639,-111.03467,Entire home/apt,124,30,29,2023-12-17,2.13,2,358,27,
836412924149333068,Downtown Bozeman Getaway!,441798626,Renee,,Bozeman,45.6779863,-111.05773,Entire home/apt,275,3,5,2023-12-19,0.47,2,258,5,STR23-00233
841490489463124761,The Purple Palace - Historic Downtown BZN,388858579,Neil,,Bozeman,45.6811,-111.04155,Entire home/apt,121,2,24,2024-01-09,1.78,4,5,19,STR23-00038
843683310882492943,Movie Madness | Hot Springs | Shuffleboard,441896318,Payton,,Bozeman,45.67528,-111.11319,Entire home/apt,125,1,53,2024-04-06,4.01,11,336,51,STR23-00129
843741511466971913,Mountain Game Room | Incredible View | Hot Springs,441896318,Payton,,Bozeman,45.67502,-111.11232,Entire home/apt,137,1,60,2024-04-14,4.53,11,302,53,STR23-00130
843767329683138688,NEW | Fishing Shanty | Near Hot Springs,441896318,Payton,,Bozeman,45.6732,-111.11339,Entire home/apt,129,1,49,2024-04-05,3.71,11,0,45,STR23-00131
843789240315372626,Shuffleboard | Hot Springs | Mountain Views,441896318,Payton,,Bozeman,45.67333,-111.11243,Entire home/apt,129,1,50,2024-04-11,3.84,11,330,44,STR23-00132
848829593971076898,South Tracy Craftsman House in Historic Bozeman,127451313,Pamela,,Bozeman,45.67247,-111.03668,Entire home/apt,925,5,2,2024-03-15,0.42,2,39,2,Str23-00153
850060899218507018,The Architect's Annex,505986694,Kristin,,Bozeman,45.6841905,-111.0253778,Entire home/apt,135,30,1,2023-05-22,0.09,1,189,1,
855046323928635372,Perfect Location! Walk to town AND mountain views.,507016369,Kerry,,Bozeman,45.66002,-111.03318,Entire home/apt,290,2,12,2024-02-06,1.06,1,45,12,STR23-00036
858032290192543286,2 BR Centrally located bungalow with a yard and AC,37331595,Vacasa Montana,,Bozeman,45.68097,-111.04836,Entire home/apt,298,3,2,2023-06-21,0.19,3,365,2,STR23-00037
866743704687717653,Hyalite View:Midtown Bozeman,87300632,Liz,,Bozeman,45.68727521208921,-111.0444826276775,Entire home/apt,141,2,26,2024-03-30,2.20,16,337,26,str23-00119
866800960315586200,The Broken Edge - Downtown Bozeman Retreat,85914608,John,,Bozeman,45.6813689591589,-111.04904246901621,Entire home/apt,90,1,58,2024-04-01,5.45,2,47,58,STR23-00157
868764892737614986,Modern Luxury at Bozeman Pond,22366054,Tessa,,Bozeman,45.7066366,-111.0388507,Entire home/apt,260,2,14,2024-03-10,1.24,9,21,14,STR23-00085
869599672855821114,The Raccoon Den Downtown Bozeman,219491,Elinor (Ellie),,Bozeman,45.67824923242976,-111.04694545269012,Entire home/apt,99,1,51,2024-04-15,4.50,3,262,51,STR23-00125
871253472812827687,1BDRM/1.5BA condo-SKI with us!Winter Wonderland!,370426746,Kelsey,,Bozeman,45.70106,-111.07402,Entire home/apt,106,31,2,2023-11-10,0.23,1,193,2,
874123279715996557,Parkside Paradise at Gran Cielo,18247242,Kevin,,Bozeman,45.64964,-111.07581,Entire home/apt,170,2,42,2024-03-12,3.65,1,247,42,STR24-00014
874657761125528795,Luxury Townhome w/Big Sky Views,10719166,Ted And Ann Marie,,Bozeman,45.688911,-111.108108,Entire home/apt,295,2,10,2024-03-26,0.87,8,256,10,STR21-00035
875521839496363904,"Babcock House: monthly rental, steps from Downtown",4884278,Kate,,Bozeman,45.6776,-111.04399,Entire home/apt,275,30,3,2024-03-31,0.29,1,180,3,
876772032673798997,Wallace Street Grocery,4727963,Matthew,,Bozeman,45.68346,-111.02891,Entire home/apt,179,3,58,2024-04-14,5.72,1,252,58,STR23-00066
877001808494830060,La Dolce Vita Bozeman,386319797,Jessie,,Bozeman,45.69038,-111.0935,Entire home/apt,278,2,8,2023-10-17,0.70,1,227,8,STR22-00113
881902444834952415,Modern Luxury Condo near MSU,10719166,Ted And Ann Marie,,Bozeman,45.650005,-111.0686823,Entire home/apt,120,30,0,,,8,198,0,
882048163388883742,"Condo in Bozeman, Views Galore!",59953192,Ashley,,Bozeman,45.70483,-111.09,Entire home/apt,175,30,1,2023-07-29,0.11,1,78,1,
882861196778295786,The Executive - Downtown Bozeman Studio,294131716,Marci,,Bozeman,45.67599,-111.0374,Entire home/apt,175,2,18,2024-03-31,1.78,1,88,18,STR20-00023
883389619523678266,"NEW Howdy House in Bozeman, Yellowstone",478163656,Steve,,Bozeman,45.67683,-111.07824,Entire home/apt,196,30,6,2023-07-24,0.55,1,75,6,
884064750408569156,Elegant home with Mountain Views,485556286,Barbara,,Bozeman,45.6475576,-111.0683446,Entire home/apt,120,30,0,,,1,289,0,
884106583554500961,Meyers Lake Loft- 2BR Guesthouse,42294252,Ted,,Bozeman,45.6840083,-111.1008377,Entire home/apt,157,3,29,2024-04-02,2.65,1,55,29,STR23-00014
886260834554889974,Beautiful Modern Craftsman,392160899,Amy,,Bozeman,45.68308,-111.10237,Entire home/apt,325,3,1,2023-08-04,0.12,1,312,1,STR23-00091
887744083816060888,Bridger View Loft,13164558,Nancy,,Bozeman,45.6827098,-111.0226566,Entire home/apt,275,30,0,,,1,236,0,
888674437339033450,Sunlit loft with fireplace and king bed,87352080,Rebeccah,,Bozeman,45.68411,-111.08209,Entire home/apt,125,1,84,2024-04-15,7.52,1,124,84,STR23-00048
892145093324142187,Upscale Downtown Bozeman Apt,492391213,Jeremy,,Bozeman,45.67564,-111.0344,Entire home/apt,197,30,17,2023-12-17,1.58,2,360,17,
894056108618242888,Great Location. Walk everywhere!,374218571,Kelly,,Bozeman,45.68577,-111.03218,Entire home/apt,198,30,8,2023-08-06,0.76,1,115,8,
894262572544681789,2 bedroom apt in the heart of downtown Bozeman,510216735,Sharon,,Bozeman,45.67738,-111.0384,Entire home/apt,126,2,45,2024-04-02,4.23,1,249,45,STR23-20495
896384642712866578,•Bozeman Basecamp•,161765884,Ben,,Bozeman,45.68947219046836,-111.0719965183994,Entire home/apt,177,2,22,2024-04-08,2.44,1,243,22,STR24-00005
896458716338470845,Camp Coffee,247540892,Shaun,,Bozeman,45.68036,-111.10201,Private room,59,1,12,2024-03-29,1.42,3,249,12,STR23-00050
897144005237382808,The BeAll House,6931340,Indra,,Bozeman,45.68185,-111.03916,Entire home/apt,399,1,13,2024-03-05,1.34,1,187,13,STR22-00066
897810044993822991,Amazing Location: Valley West Studio Apartment,22366054,Tessa,,Bozeman,45.6798384,-111.1002558,Entire home/apt,105,2,11,2024-03-01,1.13,9,348,11,STR24-00003
899125019892212651,Gorgeous Midtown Condo,135567233,Lycurgus,,Bozeman,45.6877567,-111.0472078,Entire home/apt,147,1,71,2024-04-14,6.94,1,236,71,STR23-00155
900813961167761339,"Tips Up Base Camp- 8 beds, 4 bedroom",144447035,Ericka,,Bozeman,45.68748857742729,-111.07127375900745,Entire home/apt,312,2,3,2023-07-18,0.29,1,224,3,STR23-00054
901459145108835199,Charming Casita - Heart of downtown Bozeman!,406871,Erin,,Bozeman,45.67832,-111.04884,Entire home/apt,251,2,9,2024-02-25,0.85,3,308,9,STR23-00164
901660910687906881,Downtown 5 BDRM Historic Home,406871,Erin,,Bozeman,45.67747,-111.04729,Entire home/apt,587,2,9,2024-04-07,1.13,3,302,9,STR23-00164
902288148307344832,Cozy Midtown Home,59049179,Elizabeth,,Bozeman,45.68672,-111.0566,Entire home/apt,250,30,16,2024-02-18,1.64,1,129,16,
902924566293075399,Perfect 2 bedroom condo w/garage,231155123,Chad,,Bozeman,45.6901827,-111.1061077,Entire home/apt,,30,6,2023-10-16,0.71,1,57,6,
902986920561938489,Charming 1890 Bungalow Downtown,23312806,Kim,,Bozeman,45.68197,-111.02798,Entire home/apt,150,3,41,2024-04-02,3.89,1,62,41,STR23-00215
903548737649149837,Bozeman Experience-Walk downtown,94524858,Andy,,Bozeman,45.68017,-111.0419,Entire home/apt,265,3,16,2024-04-03,2.00,1,284,16,STR20-00382
907255410839451666,Stunning Modern Home in the Heart of Bozeman,68940904,The Arrival,,Bozeman,45.67875,-111.02295,Entire home/apt,174,2,10,2024-03-17,1.41,3,201,10,STR23-00075
907326998535422392,North Wallace Cottage- Cozy cottage within walking,158595657,Mountain Home,,Bozeman,45.683056,-111.02824,Entire home/apt,295,1,5,2024-02-13,0.69,41,18,5,STR23-00013
911796238839021625,Private room in Bozeman,296586159,Mikaela,,Bozeman,45.66567,-111.04033,Private room,62,1,26,2024-03-25,2.59,1,193,26,STR23-00234
911899807480757151,Modern getaway,2655634,Charles,,Bozeman,45.68550755865755,-111.0820334404707,Private room,80,1,20,2024-04-04,3.05,1,338,20,STR00-00000
917480337323963603,The Winter House on Rouse - walking distance to Ma,158595657,Mountain Home,,Bozeman,45.683155,-111.03163,Entire home/apt,800,1,9,2024-03-10,1.00,41,272,9,STR23-00065
917521445743830614,2 Adjoining Condos Rent Together,441896318,Payton,,Bozeman,45.67339,-111.11368,Entire home/apt,550,2,1,2023-12-30,0.27,11,293,1,STR23-00130
918106223385876586,Spacious & New Midtown Apartment,5649163,Shannon,,Bozeman,45.69237529999999,-111.0481542,Entire home/apt,125,1,32,2024-04-14,3.28,1,53,32,STR23-00230
919817449271186440,Charming downtown cottage,143544410,Toni,,Bozeman,45.684136,-111.0383747,Entire home/apt,204,1,30,2024-03-12,3.07,2,170,30,STR23-00112
920346275120177072,Stay at a 1950s Classic Motel in Bozeman,521636962,Jacob,,Bozeman,45.682443451580724,-111.04536608095093,Private room,176,1,7,2024-04-08,1.45,5,240,7,Exempt
922555122262988509,Experience a classic motel in the heart of Bozeman,521636962,Jacob,,Bozeman,45.682638335167034,-111.04515150422974,Private room,139,1,1,2023-07-04,0.10,5,343,1,Exempt
922562743410347446,Stay at a Classic Motor Inn in Bozeman Montana,521636962,Jacob,,Bozeman,45.682638335167034,-111.0451085888855,Private room,124,1,24,2024-04-13,2.86,5,355,24,Exempt
922583355688509946,Retro Motel in Bozeman Montana,521636962,Jacob,,Bozeman,45.68254838898078,-111.04528025026245,Private room,134,1,12,2024-04-09,2.02,5,353,12,Exempt
923076538132998326,Downtown Dream house,21447984,Sharon,,Bozeman,45.6698914,-111.0442737,Entire home/apt,280,4,3,2023-12-28,0.37,3,68,3,Exempt
923290840210101734,Quaint Downtown Studio (4 blocks off Main),143544410,Toni,,Bozeman,45.683846773689886,-111.03925393239558,Entire home/apt,143,1,15,2024-03-31,1.74,2,202,15,STR23-00113
924888237601129082,Downtown Executive Suite,168421505,Courtney,,Bozeman,45.67974766069588,-111.03191270006194,Entire home/apt,300,30,2,2023-10-10,0.25,2,273,2,
933175872715241894,"Comfy & Clean Family Home, Close to Everything",5336872,Tobi,,Bozeman,45.67486293280049,-111.05345475844753,Entire home/apt,147,2,12,2024-04-14,1.35,1,68,12,STR23-00236
940676499307664079,Downtown Garden Getaway- Cozy home near downtown w,158595657,Mountain Home,,Bozeman,45.67782,-111.04637,Entire home/apt,400,1,13,2024-03-05,1.76,41,269,13,STR23-00070
942245518568400791,Central location w/Western Flair,94704094,Sheridan,,Bozeman,45.690600193098504,-111.11786825365482,Entire home/apt,319,1,37,2024-04-10,4.96,1,138,37,STR23-00104
943877538830637448,The Cave,233990641,Guy,,Bozeman,45.6989,-111.08679,Private room,64,30,1,2023-09-02,0.13,1,178,1,
944318825758130183,Camping Experience in Newly Released Space Acacia,14607863,Kelli,,Bozeman,45.66249275801796,-111.03542406925958,Entire home/apt,80,30,0,,,1,269,0,
945699328478141735,Classic Retro Motel in Bozeman,521636962,Jacob,,Bozeman,45.682593362091986,-111.0451085888855,Private room,155,1,1,2024-01-06,0.29,5,330,1,Exempt
947123379140618010,"Gorgeous, Modern Apt in coveted Valley West",22366054,Tessa,,Bozeman,45.68314592517294,-111.10298592143096,Entire home/apt,153,2,10,2024-01-24,1.32,9,174,10,STR23-00103
947776082026487071,Downtown Northside 2BR apartment,190138,Anna,,Bozeman,45.68389733590112,-111.0415952622789,Entire home/apt,125,30,0,,,2,237,0,
950041221683271998,Cooper Park Nest 1-Month Min,8224408,Paul,,Bozeman,45.6758681,-111.0469018,Entire home/apt,106,30,0,,,22,75,0,
952912930838942462,Bobcat Chic: Downtown Bozeman,87300632,Liz,,Bozeman,45.67731792548174,-111.04720539578072,Entire home/apt,130,1,12,2024-04-08,1.85,16,333,12,str23-00122
953620879588562570,Bozeman Fishing Lodge,36540690,Laura,,Bozeman,45.6759284,-111.039157,Entire home/apt,500,3,2,2024-03-06,1.13,1,239,2,STR20-00285
953908241697356231,Cozy brewery district bungalow,152080333,Tucker,,Bozeman,45.682757,-111.025065,Entire home/apt,197,3,6,2024-03-25,0.97,1,141,6,STR23-00094
954261720717469282,Bozeman Creek House NEW!,8224408,Paul,,Bozeman,45.674947,-111.032174,Entire home/apt,340,3,6,2023-12-17,0.78,22,281,6,str23-00077
960943303825338796,Aspen Hideout:Midtown Bozeman,87300632,Liz,,Bozeman,45.687021342187684,-111.04542908371191,Entire home/apt,149,2,13,2024-04-15,1.70,16,77,13,STR23-00140
960958977315633386,Live&Work in the Heart of BZN!,87300632,Liz,,Bozeman,45.70661934058514,-111.04331095239257,Entire home/apt,116,30,1,2024-02-04,0.41,16,60,1,
964555695094259497,Your Downtown Urban Sanctuary: Walk to everything!,169754903,VR Bozeman,,Bozeman,45.6807994,-111.030088,Entire home/apt,190,1,18,2024-03-09,2.44,5,265,18,STR23-00086
964650864080023522,Airy Southside Guest Suite near MSU,22366054,Tessa,,Bozeman,45.6422560937162,-111.04474772123261,Entire home/apt,83,1,16,2024-04-11,2.12,9,348,16,STR23-00216
964796074902172037,House Blend,247540892,Shaun,,Bozeman,45.6798759,-111.1028639,Entire home/apt,275,1,1,2023-10-23,0.17,3,154,1,STR23-00050
966950438050606228,"Queen bed, Downtown, Workspace, Fast Wi-Fi",13861863,Kendall,,Bozeman,45.6744407,-111.0306345,Private room,81,1,13,2024-01-15,1.67,4,210,13,STR23-00146
966959453768551063,"Double bed, Downtown, Free parking, Fast Wi-Fi",13861863,Kendall,,Bozeman,45.6744407,-111.0306345,Private room,71,1,22,2024-01-09,2.93,4,193,22,STR23-00146
969667975858241582,Charming and Cozy 3BR in the Heart of Bozeman,534719008,Wendy,,Bozeman,45.687933,-111.0566437,Entire home/apt,200,1,19,2024-04-01,2.85,1,107,19,STR23-00109
973157718255436454,Mrs.Cleans condo.,155221946,Gina,,Bozeman,45.68993,-111.11737,Entire home/apt,228,30,0,,,1,267,0,
978338162034126610,Luxury Mountain Views Downtown Bozeman,68940904,The Arrival,,Bozeman,45.70627194688217,-111.0392741998402,Entire home/apt,367,2,18,2024-03-18,2.58,3,230,18,STR23-00099
982690315132166861,New 2br/2bath Condo Across from MSU,49379094,Grant & Mercede,,Bozeman,45.66347795671966,-111.06186710575152,Entire home/apt,135,30,1,2024-04-06,1,1,119,1,
982767063402290313,Centrally Located Home - Pets!,74481089,Taylor,,Bozeman,45.7001307546161,-111.0751274228096,Private room,480,30,1,2023-12-31,0.28,1,160,1,
989722528862043076,Downtown Bozeman Studio Spot,539198206,Mikaela,,Bozeman,45.6805411,-111.042481,Private room,101,30,13,2024-03-04,2.01,1,242,13,
991243086542515281,Pagoda Peaks - Panoramic Mountain Views,22366054,Tessa,,Bozeman,45.70565665045654,-111.03787002859114,Entire home/apt,294,2,7,2024-03-21,1.14,9,288,7,STR23-00162
994123497980189517,Main Street Mountain View,540165578,Amanda,,Bozeman,45.6799185746082,-111.02425125773489,Entire home/apt,240,3,6,2024-02-10,1.10,1,132,6,STR23-00058
994328687289367772,Wentworth Condo,403857117,Ava,,Bozeman,45.68638269488624,-111.04418001678486,Entire home/apt,145,2,12,2024-04-07,1.94,1,70,12,STR24-00004
1003670265286987594,"NEW! Dog Friendly Condo, minutes to MSU & Downtown",78849013,Stay Montana,,Bozeman,45.68504987526955,-111.07908780452627,Entire home/apt,117,30,0,,,12,269,0,
1003670285635434122,"NEW! Dog Friendly Condo, minutes to MSU & Downtown",78849013,Stay Montana,,Bozeman,45.68425569479091,-111.08027388787828,Entire home/apt,232,1,0,,,12,168,0,STR21-00011
1007212920533236270,Guest cottage behind the studio,5216140,Rob,,Bozeman,45.67282552155166,-111.0313704191859,Entire home/apt,172,2,4,2024-01-01,0.78,1,107,4,STR23-00156
1008716432393782757,Rizen Cottage,543137520,Jeni,,Bozeman,45.67865515573207,-111.07981973217538,Entire home/apt,155,2,2,2024-02-13,0.82,1,76,2,STR23-00133
1008763018263626408,Venue View: Midtown Bozeman,87300632,Liz,,Bozeman,45.68756027470933,-111.04452856555974,Entire home/apt,131,2,4,2024-04-01,1.38,16,293,4,STR23-00002
1008778350694378706,The Cat's Meow:Midtown Bozeman,87300632,Liz,,Bozeman,45.68841076455566,-111.0439764920117,Entire home/apt,134,1,6,2024-03-17,1.22,16,338,6,STR21-00039
1008789724045972475,The Lofty View:Midtown Bozeman,87300632,Liz,,Bozeman,45.68652410773586,-111.04579814581744,Entire home/apt,196,1,4,2024-01-18,0.77,16,288,4,STR21-00040
1010311131880400929,Bridger Hawk - Mid-Century Classic (NEW),10719166,Ted And Ann Marie,,Bozeman,45.6834989,-111.0571699,Entire home/apt,335,2,9,2024-03-19,1.61,8,332,9,STR23-00019
1010882222564342761,Bozeman Midterm Live/Work,87300632,Liz,,Bozeman,45.706995549249,-111.04222853214668,Entire home/apt,117,30,0,,,16,241,0,
1013954581504450455,Style Points Shelter: Downtown,87300632,Liz,,Bozeman,45.67706369108802,-111.04800903490245,Entire home/apt,116,2,11,2024-03-25,2.00,16,354,11,STR23-00151
1014398125690134874,Modern Cottage Close to Downtown!,544251726,Brian,,Bozeman,45.669867929180036,-111.00608532750854,Entire home/apt,196,30,3,2024-03-26,0.73,1,71,3,STR24-00012
1015247856331542742,The Big Cookie:Midtown Bozeman,87300632,Liz,,Bozeman,45.68863373395769,-111.04526599906177,Entire home/apt,195,1,8,2024-03-29,1.45,16,355,8,STR21-00041
1015469993854591582,Luxe*Lake and Mountain views*EV charger*Arcade,410307599,Crystal,,Bozeman,45.7066035,-111.0387232,Entire home/apt,372,2,7,2024-04-07,1.94,1,207,7,STR23-00150
1015928247937089566,Nostalgic Homestead on South Yellowstone,22366054,Tessa,,Bozeman,45.675520613663565,-111.08934320996565,Entire home/apt,355,30,2,2024-03-17,0.94,9,322,2,
1016604349064457559,Bridger Hawk Suite (NEW),10719166,Ted And Ann Marie,,Bozeman,45.6834989,-111.0571699,Entire home/apt,170,1,1,2024-01-22,0.34,8,233,1,STR23-00019
1016619106223207155,Bridger Hawk Duplex (NEW),10719166,Ted And Ann Marie,,Bozeman,45.6834989,-111.0571699,Entire home/apt,438,1,6,2024-03-28,1.45,8,228,6,STR23-00019
1016845590319106822,Cool 50s Pad Near Downtown & MSU,307959908,Brett,,Bozeman,45.6713434,-111.0543369,Entire home/apt,135,29,0,,,1,118,0,
1018080723786942494,"Beautiful townhouse - views, near MSU & downtown!",545036435,Susan,,Bozeman,45.646688548301995,-111.05822654802876,Entire home/apt,135,30,1,2024-02-10,0.44,2,234,1,
1019852506960723719,Cozy Downtown Condo,545489115,BozemanBnB,,Bozeman,45.68108796563452,-111.03955545859887,Entire home/apt,141,1,14,2024-04-14,3.31,3,241,14,STR23-00211
1020228048905807585,Two Creeks -Cozy 2 bedroom furnished condo near MS,158595657,Mountain Home,,Bozeman,45.66075,-111.03614,Entire home/apt,84,1,0,,,41,277,0,STR23-12345
1020230881396959049,Brown Trout Retreat - 30 day rental walking distan,158595657,Mountain Home,,Bozeman,45.682713,-111.04026,Entire home/apt,129,1,0,,,41,181,0,STR23-12345
1020231494198029286,Mustang Sally- One bedroom condo in the Five West,158595657,Mountain Home,,Bozeman,45.680523,-111.03767,Entire home/apt,70,1,0,,,41,177,0,STR23-12345
1021721483687220240,Bozeman Bungalow - Convenient and Well-Appointed M,158595657,Mountain Home,,Bozeman,45.70625,-111.02189,Entire home/apt,127,1,0,,,41,219,0,STR23-12345
1021721487869505891,The Great Escape - Luxury Townhome in Downtown Boz,158595657,Mountain Home,,Bozeman,45.683823,-111.03882,Entire home/apt,167,1,0,,,41,265,0,STR23-12345
1021721950430317225,High West - Brand New Condo in Downtown Bozeman,158595657,Mountain Home,,Bozeman,45.681038,-111.03396,Entire home/apt,200,1,0,,,41,241,0,STR23-12345
1021722003635632471,Long Term rental near Bridger Creek Golf Course,158595657,Mountain Home,,Bozeman,45.7068,-111.024,Entire home/apt,150,1,0,,,41,302,0,STR23-12345
1021723335665913564,Rustic Overlook- 30 day rental in the new Merin bu,158595657,Mountain Home,,Bozeman,45.681034,-111.03629,Entire home/apt,133,1,0,,,41,183,0,STR23-12345
1021723339690110777,Brentwood House- Furnished 30 day rental in a quie,158595657,Mountain Home,,Bozeman,45.689926,-111.06762,Entire home/apt,184,1,0,,,41,265,0,STR23-12345
1021723342043868349,Trails Edge- Gorgeous 30 + day rental with a large,158595657,Mountain Home,,Bozeman,45.7017,-111.013,Entire home/apt,217,1,0,,,41,1,0,STR23-12345
1021724095752448838,Boylan Place- Cozy 30+ day rental NE of downtown B,158595657,Mountain Home,,Bozeman,45.704845,-111.02802,Entire home/apt,92,1,0,,,41,0,0,STR23-12345
1023980376452932033,Fisherman’s Folly,21447984,Sharon,,Bozeman,45.67062892307596,-111.03469250838586,Entire home/apt,295,4,1,2024-01-03,0.28,3,28,1,Exempt
1026782007525175295,Urban Oasis for One,2209026,Kristen,,Bozeman,45.68470168908929,-111.02450417470409,Entire home/apt,71,30,0,,,3,214,0,
1027654963467851442,Downtown Chic Urban Abode,12702811,Carla,,Bozeman,45.67942704249036,-111.03974338620901,Entire home/apt,190,3,3,2024-02-27,0.67,3,330,3,STR23-00147
1031220502585940136,Blackhaüs,512697355,Kate,,Bozeman,45.67014895012774,-111.03445765983126,Entire home/apt,208,3,3,2024-03-31,0.80,1,296,3,STR23-00082
1032050849550580437,"Modern townhouse - views, near MSU & downtown!",545036435,Susan,,Bozeman,45.64706,-111.05742,Entire home/apt,135,30,0,,,2,275,0,
1036435232089728824,Modern Bozeman Escape w/ Bridger Mountain Views!,122381278,Evolve,,Bozeman,45.70687,-111.03895,Entire home/apt,415,2,0,,,14,224,0,STR23-00142
1040565103561819864,Downtown Luxury Loft,545489115,BozemanBnB,,Bozeman,45.68210466792645,-111.04002137930303,Entire home/apt,155,1,19,2024-04-14,4.71,3,196,19,STR23-00212
1040586311737102150,Concrete Cowboy | Downtown Luxury Livin',545489115,BozemanBnB,,Bozeman,45.6825051944507,-111.04018545842442,Entire home/apt,150,1,21,2024-04-14,5.16,3,206,21,STR23-00213
1057546014981433670,Contemporary Downtown Hideaway,483974145,Sherine,,Bozeman,45.6811133,-111.044916,Entire home/apt,126,2,12,2024-04-06,3.75,1,131,12,STR23-00185
1060881441299393479,Aspen Aerie:Midtown Bozeman,87300632,Liz,,Bozeman,45.68688,-111.0452,Entire home/apt,116,30,1,2024-03-08,0.73,16,58,1,
1065297539864274153,Bozeman SOBO LOFT 307 - Wonderful one bedroom apar,158595657,Mountain Home,,Bozeman,45.678135,-111.04695,Entire home/apt,109,1,4,2024-03-05,1.36,41,327,4,STR23-00177
1069631846965108025,Cozy Apartment in Valley West,153016292,Colette,,Bozeman,45.68426095295039,-111.10176590389979,Entire home/apt,106,2,9,2024-04-11,4.50,1,131,9,STR23-00159
1081633694035995231,Sunlit Cottage on Curtiss,22366054,Tessa,,Bozeman,45.67583,-111.04973,Entire home/apt,112,1,0,,,9,348,0,STR24-00009
1086946705879264741,Southbridge Cottage: Cozy and Modern Home (NEW),10719166,Ted And Ann Marie,,Bozeman,45.6442334,-111.0656939,Entire home/apt,232,2,0,,,8,254,0,STR22-00112
1105776216470545988,Cute Condo Near Downtown & Parks,388858579,Neil,,Bozeman,45.66520902614156,-111.03859677875673,Entire home/apt,,27,0,,,4,0,0,
1107287181088133575,3-Bedroom Hideaway: Your Bozeman Adventure Awaits!,13861863,Kendall,,Bozeman,45.67439572033567,-111.03050575396729,Entire home/apt,236,1,0,,,4,154,0,STR23-00146
1108037590849320235,Bozeman Refuge - Belle Vie in MT,39660084,Catherine,,Bozeman,45.6882432,-111.0679403,Entire home/apt,130,2,0,,,1,40,0,STR24-00002
1109688100302195774,2 Bed/1 Bath*Dog-Friendly*1 Parking Space*W/D,506863680,Shannon,,Bozeman,45.64930636829783,-111.04191782335214,Entire home/apt,85,30,0,,,1,354,0,
1113152204237576730,Downtown Living! Mountain Views!,138031362,Nina,,Bozeman,45.68026,-111.03451,Entire home/apt,110,30,0,,,1,257,0,
1115252657794209090,Modern Bozeman Condo w/ Balcony & Mountain Views!,122381278,Evolve,,Bozeman,45.6963081,-111.0684023,Entire home/apt,91,30,0,,,14,286,0,
1116779825148313888,Bright Bozeman Vacation Rental Near Downtown!,122381278,Evolve,,Bozeman,45.6867479,-111.0679099,Entire home/apt,152,2,1,2024-04-06,1,14,340,1,STR23-00225
1118952485662580622,Bozeman condo,147935220,Tim,,Bozeman,45.68089019029448,-111.09328178052323,Entire home/apt,150,30,0,,,1,269,0,
1120363313108840922,Fantastic Location | Free Breakfast,430914923,Residence Inn Bozeman,,Bozeman,45.68033886584288,-111.02370157914491,Entire home/apt,221,1,0,,,2,121,0,STR23-21433
1120365518968910819,Realm  | Yellowstone . Free Breakfast,430914923,Residence Inn Bozeman,,Bozeman,45.68069,-111.02488,Entire home/apt,225,1,1,2024-04-14,1,2,118,1,STR23-96372
1123474148122114072,Cozy room in the Valley,212102556,Jocelyn,,Bozeman,45.68285769278073,-111.09484806878118,Private room,56,30,0,,,1,74,0,
1127519426260482497,Great Hideaway ADU,168421505,Courtney,,Bozeman,45.68094,-111.1005,Entire home/apt,99,2,0,,,2,282,0,STR23-00088
1129158239481570506,Cooper Park Casita,87300632,Liz,,Bozeman,45.67604078172873,-111.04788268642423,Entire home/apt,195,3,0,,,16,43,0,STR23-00229
1129794601961711081,Gallatin Park Flat,87300632,Liz,,Bozeman,45.70753986080184,-111.04346119109462,Entire home/apt,116,30,0,,,16,132,0,
