id,name,host_id,host_name,neighbourhood_group,neighbourhood,latitude,longitude,room_type,price,minimum_nights,number_of_reviews,last_review,reviews_per_month,calculated_host_listings_count,availability_365,number_of_reviews_ltm,license
22772,Home in Pacific Grove · ★4.89 · 1 bedroom · 1 bed · 1 bath,87827,Amie,,Pacific Grove,36.62202,-121.91775,Entire home/apt,293,30,62,2016-07-24,0.37,2,83,0,
41014,Home in Pacific Grove · ★4.94 · 6 bedrooms · 8 beds · 4 baths,174738,Kirstie,,Pacific Grove,36.63096,-121.93652,Entire home/apt,1400,5,115,2023-05-07,0.75,1,79,2,
44515,Guesthouse in Pacific Grove · ★4.96 · 1 bedroom · 1 bed · 1 bath,195732,Blake,,Pacific Grove,36.62475,-121.93491,Entire home/apt,210,30,966,2023-10-01,5.94,1,118,6,
89210,Guest suite in Pacific Grove · ★4.91 · 1 bedroom · 1 bed · 1 bath,130577,Sarah,,Pacific Grove,36.60435,-121.92531,Entire home/apt,172,1,1174,2023-12-21,7.59,1,108,116,
129723,Condo in Pacific Grove · ★4.67 · 1 bedroom · 1 bed · 1 bath,639623,Birgit,,Pacific Grove,36.62008,-121.90993,Entire home/apt,132,30,15,2023-06-05,0.13,1,303,3,
1031734,Home in Pacific Grove · ★4.82 · 4 bedrooms · 4 beds · 2 baths,227482,Dan,,Pacific Grove,36.60368,-121.92721,Entire home/apt,350,30,236,2023-08-31,1.82,1,301,1,
1721186,Home in Pacific Grove · ★4.90 · 2 bedrooms · 2 beds · 1 bath,9073236,Barb,,Pacific Grove,36.62468,-121.91711,Entire home/apt,470,1,400,2023-12-15,3.24,1,0,66,
2372344,Home in Monterey · ★4.59 · 2 bedrooms · 2 beds · 2 baths,12118997,Guita,,Pacific Grove,36.6154,-121.90866,Entire home/apt,220,30,79,2022-03-02,0.66,2,363,0,
2552934,Place to stay in Pacific Grove · ★4.66 · 1 bedroom · 1 bed · 1 private bath,13070709,Jamie,,Pacific Grove,36.61667,-121.93322,Private room,102,2,337,2023-12-25,2.88,1,294,58,
3029273,Home in Pacific Grove · ★4.91 · 1 bedroom · 1 bed · 1 bath,15429359,Jim,,Pacific Grove,36.6333,-121.92406,Private room,230,1,592,2023-12-30,5.20,2,0,58,
3322430,Home in Pacific Grove · 3 bedrooms · 2 beds · 1 bath,16774595,Susan,,Pacific Grove,36.61923,-121.90716,Entire home/apt,,30,0,,,1,0,0,
3836973,Home in Pacific Grove · ★4.92 · 3 bedrooms · 4 beds · 2 baths,19763195,Paul,,Pacific Grove,36.60589,-121.92924,Entire home/apt,307,30,477,2023-11-05,4.18,1,359,1,
4099680,Home in Pacific Grove · ★4.91 · 2 bedrooms · 2 beds · 2 baths,5508442,Anne,,Pacific Grove,36.62322,-121.92883,Entire home/apt,150,30,462,2023-12-20,4.16,1,150,5,
4162387,Cottage in Pacific Grove · ★4.55 · 1 bedroom · 2 beds · 1 bath,14299946,Joy,,Pacific Grove,36.61934,-121.91955,Entire home/apt,100,30,579,2023-07-04,5.21,2,288,3,
4269074,Home in Pacific Grove · ★4.77 · 3 bedrooms · 3 beds · 2 baths,22162277,Grace,,Pacific Grove,36.62702,-121.91985,Entire home/apt,593,3,64,2023-11-11,0.58,1,222,6,
4291804,Home in Monterey · ★4.79 · 3 bedrooms · 6 beds · 2 baths,12118997,Guita,,Pacific Grove,36.61509,-121.91057,Entire home/apt,192,30,47,2023-05-06,0.44,2,146,1,
5185545,Cottage in Pacific Grove · ★4.93 · 2 bedrooms · 3 beds · 1 bath,21424068,Sarah,,Pacific Grove,36.63195,-121.92545,Entire home/apt,231,29,414,2023-09-17,3.85,1,237,5,
5238711,Home in Pacific Grove · ★4.83 · 4 bedrooms · 6 beds · 4.5 baths,14806795,Kristina,,Pacific Grove,36.61981,-121.91558,Entire home/apt,825,4,88,2023-12-10,0.86,2,321,11,
5500336,Home in Pacific Grove · ★4.86 · 1 bedroom · 2 beds · 1 bath,18067665,"Jim,Stacey,Gary,Lynea,Amy&Michael",,Pacific Grove,36.61975,-121.9116,Entire home/apt,268,31,200,2023-08-22,1.87,2,274,4,
5807126,Home in Pacific Grove · ★4.91 · 3 bedrooms · 3 beds · 1.5 baths,18067665,"Jim,Stacey,Gary,Lynea,Amy&Michael",,Pacific Grove,36.61905,-121.91016,Entire home/apt,375,31,299,2023-11-17,2.85,2,315,3,
6018499,Home in Pacific Grove · ★4.78 · 2 bedrooms · 2 beds · 2 baths,1769997,Marianne,,Pacific Grove,36.61722,-121.91489,Entire home/apt,120,30,77,2023-05-19,0.73,1,240,1,
6646306,Home in Monterey · ★4.72 · 1 bedroom · 1 bed · 1 bath,33787736,Seth + Wendy,,Pacific Grove,36.61305,-121.91538,Private room,50,30,247,2023-08-28,2.37,1,88,2,
6715036,Home in Pacific Grove · ★4.76 · 2 bedrooms · 2 beds · 1.5 baths,35157242,Toni,,Pacific Grove,36.60167,-121.93163,Entire home/apt,175,30,34,2023-12-08,0.64,1,304,2,
7292129,Home in Pacific Grove · ★4.70 · 3 bedrooms · 3 beds · 2 baths,14806795,Kristina,,Pacific Grove,36.6211,-121.92566,Entire home/apt,153,30,99,2023-10-01,0.97,2,296,4,
8104325,Home in Pacific Grove · ★4.98 · 3 bedrooms · 3 beds · 2.5 baths,42790415,Kristy And Ed,,Pacific Grove,36.62782,-121.93141,Entire home/apt,190,30,128,2023-10-31,1.26,1,181,3,
9012578,Home in Pacific Grove · ★4.74 · 1 bedroom · 1 bed · 1 bath,16746377,John,,Pacific Grove,36.6205,-121.91239,Entire home/apt,130,31,497,2023-08-12,5.01,1,197,2,
9155279,Boutique hotel in Pacific Grove · ★5.0 · 1 bedroom · 1 bed · 1 private bath,46785054,Seven Gables,,Pacific Grove,36.62433,-121.91589,Private room,472,1,10,2023-02-12,0.35,20,173,1,
9187647,Boutique hotel in Pacific Grove · ★4.89 · 1 bedroom · 1 bed · 1 private bath,46785054,Seven Gables,,Pacific Grove,36.62289,-121.91489,Private room,342,1,28,2023-09-26,0.30,20,180,6,
9197663,Boutique hotel in Pacific Grove · ★4.94 · 1 bedroom · 1 bed · 1 private bath,46785054,Seven Gables,,Pacific Grove,36.62334,-121.91666,Private room,342,1,93,2023-12-14,0.96,20,203,14,
10204512,Boutique hotel in Pacific Grove · ★4.89 · 1 bedroom · 1 bed · 1 private bath,46785054,Seven Gables,,Pacific Grove,36.62363,-121.9158,Private room,362,1,47,2023-10-16,0.48,20,204,7,
11210583,Bungalow in Pacific Grove · ★4.94 · 2 bedrooms · 2 beds · 1 bath,58388459,Michele,,Pacific Grove,36.62294,-121.91968,Entire home/apt,425,3,180,2023-11-24,2.01,2,350,26,
11256490,Home in Pacific Grove · ★4.97 · 2 bedrooms · 4 beds · 2 baths,29370567,Wendi,,Pacific Grove,36.62148,-121.91475,Entire home/apt,251,30,157,2022-08-01,1.66,1,364,0,
11562419,Home in Pacific Grove · ★4.79 · 2 bedrooms · 3 beds · 1.5 baths,61071397,Richard,,Pacific Grove,36.62282,-121.92969,Entire home/apt,145,31,112,2023-08-01,1.22,1,279,2,
11760778,Boutique hotel in Pacific Grove · ★4.91 · 1 bedroom · 1 bed · 1 private bath,46785054,Seven Gables,,Pacific Grove,36.62288,-121.91653,Private room,372,1,23,2023-09-05,0.24,20,203,3,
12027823,Home in Pacific Grove · ★4.87 · 2 bedrooms · 2 beds · 2 baths,46785054,Seven Gables,,Pacific Grove,36.62463,-121.91649,Entire home/apt,511,1,92,2023-11-15,1.02,20,160,27,
12427317,Boutique hotel in Pacific Grove · ★5.0 · 1 bedroom · 1 bed · 1 private bath,46785054,Seven Gables,,Pacific Grove,36.62319,-121.91466,Private room,402,1,6,2023-06-10,0.07,20,206,2,
13428610,Home in Pacific Grove · ★5.0 · 1 bedroom · 1 bed · 1 private bath,22933425,Jeanne,,Pacific Grove,36.63323,-121.92557,Private room,325,3,41,2022-04-25,0.45,1,57,0,
13637173,Boutique hotel in Pacific Grove · ★5.0 · 1 bedroom · 1 bed · 1 private bath,46785054,Seven Gables,,Pacific Grove,36.62488,-121.91653,Private room,462,1,9,2023-12-03,0.10,20,190,3,
13768901,Home in Pacific Grove · ★4.85 · 2 bedrooms · 3 beds · 2 baths,11486908,Elaine,,Pacific Grove,36.61561,-121.9253,Private room,130,2,594,2023-12-26,6.51,1,281,12,
13902577,Home in Pacific Grove · ★4.94 · 2 bedrooms · 2 beds · 2 baths,82415359,Wilson,,Pacific Grove,36.62511,-121.91704,Entire home/apt,532,3,201,2023-11-25,2.23,1,296,21,
14266085,Home in Pacific Grove · ★4.86 · 2 bedrooms · 2 beds · 1 bath,10851823,Viveca And Jim,,Pacific Grove,36.62094,-121.91302,Entire home/apt,307,1,610,2023-12-23,6.76,1,0,90,
14388930,Guest suite in Pacific Grove · ★5.0 · 1 bedroom · 1 bed · 1 bath,14882503,Richard,,Pacific Grove,36.62253,-121.93406,Entire home/apt,195,5,94,2023-12-12,1.12,1,175,14,
14403615,Home in Pacific Grove · ★4.96 · 2 bedrooms · 2 beds · 1 bath,88554111,Beverlee,,Pacific Grove,36.61825,-121.9118,Entire home/apt,140,30,125,2023-11-26,1.39,1,193,2,
14539067,Home in Pacific Grove · ★4.89 · 1 bedroom · 1 bed · 1 bath,85355446,Dee,,Pacific Grove,36.62533,-121.93089,Entire home/apt,221,3,297,2023-11-21,3.31,1,160,40,
15165034,Guest suite in Pacific Grove · ★4.86 · 1 bedroom · 1 bed · 1 bath,35048383,Angi,,Pacific Grove,36.60376,-121.92731,Entire home/apt,103,3,927,2023-12-13,10.61,1,143,114,
15522012,Home in Pacific Grove · ★4.98 · 2 bedrooms · 2 beds · 1 bath,99785912,Jeanie,,Pacific Grove,36.61825,-121.93047,Entire home/apt,75,30,223,2023-11-15,2.55,1,29,3,
15857785,Cottage in Pacific Grove · ★4.73 · 3 bedrooms · 3 beds · 1 bath,102767409,Joy,,Pacific Grove,36.61916,-121.91824,Entire home/apt,285,2,432,2023-12-10,5.00,1,0,58,
15942471,Home in Pacific Grove · ★4.99 · 3 bedrooms · 3 beds · 2 baths,102438701,Lisa,,Pacific Grove,36.60083,-121.93155,Entire home/apt,260,30,67,2021-05-09,0.79,1,364,0,
16542967,Home in Pacific Grove · ★4.80 · 3 bedrooms · 3 beds · 2 baths,99683621,Larry,,Pacific Grove,36.62447,-121.91658,Entire home/apt,566,2,74,2023-11-25,0.89,1,86,14,
16884158,Home in Pacific Grove · ★4.89 · 3 bedrooms · 4 beds · 1.5 baths,58271767,Evelyn,,Pacific Grove,36.63600158691406,-121.9303207397461,Entire home/apt,250,30,127,2023-08-31,1.55,1,165,2,
17435310,Home in Pacific Grove · ★4.91 · 4 bedrooms · 6 beds · 2 baths,49369780,Fatijah,,Pacific Grove,36.62214,-121.93373,Entire home/apt,,30,22,2020-01-03,0.27,1,0,0,
17479137,Home in Pacific Grove · ★4.98 · 3 bedrooms · 3 beds · 2 baths,118403797,Joe,,Pacific Grove,36.62027,-121.9245,Entire home/apt,197,29,45,2023-06-30,0.54,1,0,1,
17623471,Home in Pacific Grove · ★4.97 · 2 bedrooms · 2 beds · 1 bath,4591051,Dave & Lee,,Pacific Grove,36.62243,-121.92963,Entire home/apt,217,2,424,2023-12-14,5.16,2,0,72,
18731829,Guesthouse in Pacific Grove · ★4.86 · 1 bedroom · 1 bed · 1 bath,21807468,Suzanne,,Pacific Grove,36.61673,-121.90999,Entire home/apt,,30,65,2023-10-18,0.81,1,0,5,
18917071,Home in Pacific Grove · ★4.91 · 2 bedrooms · 3 beds · 1 bath,128301422,Carolyn,,Pacific Grove,36.60623550415039,-121.92169952392578,Entire home/apt,275,3,255,2023-12-22,3.18,3,70,32,
19137340,Home in Pacific Grove · ★5.0 · 2 bedrooms · 3 beds · 2 baths,133766053,Chris,,Pacific Grove,36.61793,-121.92364,Entire home/apt,,2,90,2023-10-01,1.13,1,0,6,
19198189,Condo in Pacific Grove · 2 bedrooms · 3 beds · 3 baths,69588791,Erik,,Pacific Grove,36.62251,-121.91837,Entire home/apt,,7,1,2019-12-27,0.02,3,0,0,
19606480,Home in Pacific Grove · ★4.80 · 2 bedrooms · 3 beds · 1 bath,137859136,Terri,,Pacific Grove,36.62559,-121.91967,Entire home/apt,450,1,210,2023-12-03,2.68,1,175,48,
19736001,Guesthouse in Pacific Grove · 1 bedroom · 1 bed · 1 bath,1010770,Dolly,,Pacific Grove,36.61672,-121.92502,Entire home/apt,100,30,2,2022-08-21,0.10,1,312,0,
19789713,Home in Pacific Grove · ★4.90 · 3 bedrooms · 4 beds · 3 baths,139737993,Tommy & Mallary,,Pacific Grove,36.62603,-121.91822,Entire home/apt,584,2,317,2023-11-20,4.07,1,332,43,
19830907,Home in Pacific Grove · ★5.0 · 2 bedrooms · 4 beds · 1 bath,26564284,Hank & Julie,,Pacific Grove,36.62556,-121.92263,Entire home/apt,199,30,69,2020-03-15,0.89,1,263,0,
19910607,Cottage in Pacific Grove · ★4.99 · 3 bedrooms · 4 beds · 2 baths,85335077,Marci,,Pacific Grove,36.624391854860384,-121.91942010587687,Entire home/apt,535,3,92,2023-11-26,1.21,1,336,12,
20190642,Bungalow in Pacific Grove · ★4.97 · 1 bedroom · 1 bed · 1 bath,58388459,Michele,,Pacific Grove,36.62465,-121.91996,Entire home/apt,295,3,187,2023-11-30,2.65,2,309,27,
20229666,Home in Pacific Grove · ★4.88 · 2 bedrooms · 2 beds · 2 baths,140243627,Sanctuary Vacation Rentals,,Pacific Grove,36.619971,-121.908193,Entire home/apt,322,1,42,2023-12-18,0.72,47,306,9,
20229669,Home in Pacific Grove · ★4.67 · 2 bedrooms · 2 beds · 1 bath,140243627,Sanctuary Vacation Rentals,,Pacific Grove,36.619584,-121.90928,Entire home/apt,169,30,6,2019-10-27,0.08,47,245,0,
20229673,Home in Pacific Grove · ★4.75 · 3 bedrooms · 3 beds · 2.5 baths,140243627,Sanctuary Vacation Rentals,,Pacific Grove,36.6199978341498,-121.921083143517,Entire home/apt,190,30,8,2022-08-31,0.11,47,324,0,
20229676,Condo in Pacific Grove · 2 bedrooms · 2 beds · 1.5 baths,140243627,Sanctuary Vacation Rentals,,Pacific Grove,36.62493,-121.91624,Entire home/apt,188,30,2,2018-10-08,0.03,47,331,0,
20229679,Home in Pacific Grove · ★4.75 · 2 bedrooms · 3 beds · 2 baths,140243627,Sanctuary Vacation Rentals,,Pacific Grove,36.626922,-121.919514,Entire home/apt,288,30,4,2022-05-31,0.06,47,182,0,
20229689,Home in Pacific Grove · ★4.86 · 4 bedrooms · 5 beds · 2 baths,140243627,Sanctuary Vacation Rentals,,Pacific Grove,36.620122,-121.921962,Entire home/apt,203,30,14,2020-03-12,0.20,47,214,0,
20229692,Home in Pacific Grove · ★4.50 · 3 bedrooms · 3 beds · 2 baths,140243627,Sanctuary Vacation Rentals,,Pacific Grove,36.603255,-121.932663,Entire home/apt,169,30,4,2023-02-01,0.07,47,31,1,
20229693,Home in Pacific Grove · ★5.0 · 2 bedrooms · 3 beds · 2.5 baths,140243627,Sanctuary Vacation Rentals,,Pacific Grove,36.618088,-121.910511,Entire home/apt,176,30,5,2020-03-10,0.07,47,154,0,
20229698,Home in Pacific Grove · ★5.0 · 3 bedrooms · 3 beds · 2 baths,140243627,Sanctuary Vacation Rentals,,Pacific Grove,36.621775,-121.920627,Entire home/apt,209,30,7,2022-07-31,0.10,47,264,0,
20229699,Home in Pacific Grove · 4 bedrooms · 5 beds · 2 baths,140243627,Sanctuary Vacation Rentals,,Pacific Grove,36.617153,-121.911453,Entire home/apt,165,30,2,2018-12-27,0.03,47,261,0,
20229704,Home in Pacific Grove · 3 bedrooms · 3 beds · 2 baths,140243627,Sanctuary Vacation Rentals,,Pacific Grove,36.634971,-121.926315,Entire home/apt,,30,2,2018-10-03,0.03,47,0,0,
20229711,Townhouse in Pacific Grove · ★4.80 · 3 bedrooms · 3 beds · 2.5 baths,140243627,Sanctuary Vacation Rentals,,Pacific Grove,36.619956,-121.907343,Entire home/apt,453,1,56,2023-12-20,0.72,47,339,18,
20229712,Home in Pacific Grove · 3 bedrooms · 3 beds · 3 baths,140243627,Sanctuary Vacation Rentals,,Pacific Grove,36.620827,-121.915161,Entire home/apt,211,30,0,,,47,94,0,
20229716,Home in Pacific Grove · ★5.0 · 3 bedrooms · 3 beds · 3 baths,140243627,Sanctuary Vacation Rentals,,Pacific Grove,36.632907,-121.926055,Entire home/apt,316,30,6,2020-02-13,0.09,47,213,0,
20268378,Home in Pacific Grove · ★4.98 · 3 bedrooms · 1 bed · 1 private bath,134165553,Larry,,Pacific Grove,36.61708,-121.90873,Private room,,2,291,2022-02-07,3.79,1,0,0,
20279454,Guesthouse in Pacific Grove · ★5.0 · 1 bedroom · 1 bed · 1 bath,12030507,Brian,,Pacific Grove,36.61594,-121.91262,Entire home/apt,65,31,21,2023-08-30,0.27,1,121,5,
20404083,Townhouse in Pacific Grove · ★5.0 · 3 bedrooms · 3 beds · 2.5 baths,140243627,Sanctuary Vacation Rentals,,Pacific Grove,36.619956,-121.907343,Entire home/apt,211,30,9,2019-03-27,0.12,47,333,0,
20741678,Home in Pacific Grove · ★4.67 · 4 bedrooms · 6 beds · 3 baths,140243627,Sanctuary Vacation Rentals,,Pacific Grove,36.625571,-121.926653,Entire home/apt,295,30,3,2021-01-05,0.04,47,333,0,
21981955,Bed and breakfast in Pacific Grove · ★4.83 · 1 bedroom · 1 bed · 1 private bath,160495920,Rishi,,Pacific Grove,36.63018,-121.93234,Hotel room,340,1,307,2023-10-09,4.15,1,356,19,
22178195,Rental unit in Pacific Grove · ★4.94 · 1 bedroom · 3 beds · 1 bath,162016726,George And/Or Laila,,Pacific Grove,36.62051,-121.91453,Entire home/apt,252,1,390,2023-12-29,5.33,1,0,54,
22359257,Boutique hotel in Pacific Grove · ★4.79 · 1 bedroom · 1 bed · 1 private bath,46785054,Seven Gables,,Pacific Grove,36.62461,-121.91622,Private room,312,1,106,2023-12-04,1.53,20,199,14,
22359614,Boutique hotel in Pacific Grove · ★4.83 · 1 bedroom · 1 bed · 1 private bath,46785054,Seven Gables,,Pacific Grove,36.62355,-121.91491,Private room,442,1,6,2023-06-24,0.08,20,199,1,
22666758,Home in Pacific Grove · ★4.93 · 2 bedrooms · 3 beds · 1 bath,128301422,Carolyn,,Pacific Grove,36.60569,-121.92101,Entire home/apt,275,3,245,2023-12-17,3.42,3,100,35,
22747634,Home in Pacific Grove · 3 bedrooms · 3 beds · 1 bath,140243627,Sanctuary Vacation Rentals,,Pacific Grove,36.618933,-121.908641,Entire home/apt,148,30,1,2019-01-05,0.02,47,304,0,
23768786,Home in Pacific Grove · ★4.90 · 3 bedrooms · 3 beds · 2.5 baths,110664679,Rhonda,,Pacific Grove,36.62678,-121.91914,Entire home/apt,512,1,251,2023-12-25,3.61,2,0,48,
24059256,Home in Pacific Grove · ★4.92 · 2 bedrooms · 3 beds · 1 bath,181127429,Joseph And Tamara,,Pacific Grove,36.61963,-121.93336,Entire home/apt,116,30,97,2023-12-01,1.51,2,148,3,
24773264,Condo in Pacific Grove · 1 bedroom · 2 beds · 1.5 baths,72001105,Kat,,Pacific Grove,36.62156,-121.91825,Entire home/apt,180,5,0,,,1,356,0,
25281531,Boutique hotel in Pacific Grove · ★4.64 · 1 bedroom · 1 bed · 1 private bath,190984125,Rosedale Inn & Suites,,Pacific Grove,36.61961,-121.93631,Hotel room,200,1,28,2020-09-18,0.42,2,0,0,
26192700,Boutique hotel in Pacific Grove · ★5.0 · 1 bedroom · 1 bed · 1 private bath,46785054,Seven Gables,,Pacific Grove,36.62409,-121.9165,Private room,412,1,9,2022-08-28,0.14,20,210,0,
26197786,Boutique hotel in Pacific Grove · ★4.83 · 1 bedroom · 1 bed · 1 private bath,46785054,Seven Gables,,Pacific Grove,36.62344,-121.91516,Private room,332,1,36,2023-12-11,0.54,20,208,7,
26197911,Boutique hotel in Pacific Grove · ★4.95 · 1 bedroom · 1 bed · 1 private bath,46785054,Seven Gables,,Pacific Grove,36.6242,-121.91479,Private room,332,1,56,2023-12-09,0.89,20,209,4,
26198464,Boutique hotel in Pacific Grove · ★4.64 · 1 bedroom · 1 bed · 1 private bath,46785054,Seven Gables,,Pacific Grove,36.62296,-121.91641,Private room,352,1,11,2023-08-02,0.26,20,215,4,
26198705,Boutique hotel in Pacific Grove · ★4.94 · 1 bedroom · 1 bed · 1 private bath,46785054,Seven Gables,,Pacific Grove,36.62455,-121.91595,Private room,322,1,71,2023-11-10,1.09,20,181,20,
26468647,Home in Pacific Grove · ★4.97 · 2 bedrooms · 2 beds · 2 baths,43389940,Elizabeth,,Pacific Grove,36.62311,-121.91876,Entire home/apt,438,2,357,2023-12-06,5.34,1,265,70,
27092841,Home in Pacific Grove · ★5.0 · 2 bedrooms · 2 beds · 2 baths,6763862,Ashley,,Pacific Grove,36.62372,-121.91901,Entire home/apt,170,30,5,2023-09-21,0.08,1,121,1,
27819138,Guest suite in Pacific Grove · 1 bedroom · 2 beds · 1 bath,210070058,Gerarda,,Pacific Grove,36.62681,-121.91917,Entire home/apt,278,28,1,2023-07-01,0.16,2,340,1,
27837664,Cottage in Pacific Grove · ★4.83 · 1 bedroom · 3 beds · 1.5 baths,210070058,Gerarda,,Pacific Grove,36.626808166503906,-121.9191665649414,Entire home/apt,299,29,12,2022-10-02,0.20,2,0,0,
31169667,Rental unit in Pacific Grove · ★4.96 · 2 bedrooms · 2 beds · 2 baths,62428944,Jane,,Pacific Grove,36.62038268144633,-121.9069418932686,Entire home/apt,806,2,261,2023-12-28,4.32,1,220,41,
31721314,Cottage in Pacific Grove · 1 bedroom · 1 bed · 1 shared bath,237911024,Mary,,Pacific Grove,36.62048,-121.91394,Private room,50,31,0,,,1,0,0,
32237119,Home in Pacific Grove · ★4.84 · 4 bedrooms · 5 beds · 2.5 baths,140243627,Sanctuary Vacation Rentals,,Pacific Grove,36.620371,-121.909139,Entire home/apt,739,4,19,2023-09-11,0.45,47,290,5,
33396484,Boutique hotel in Pacific Grove · ★4.80 · 1 bedroom · 1 bed · 1 private bath,190984125,Rosedale Inn & Suites,,Pacific Grove,36.61892,-121.93459,Hotel room,350,1,20,2023-09-11,0.39,2,88,2,
34153425,Guest suite in Pacific Grove · ★5.0 · 2 bedrooms · 3 beds · 1 bath,47637217,Jennifer,,Pacific Grove,36.61737,-121.93136,Entire home/apt,209,2,22,2023-12-10,0.39,1,0,9,
34573235,Boutique hotel in Pacific Grove · ★4.84 · 1 bedroom · 1 bed · 1 private bath,46785054,Seven Gables,,Pacific Grove,36.62296,-121.91659,Private room,302,1,70,2023-09-24,1.36,20,195,10,
34573780,Boutique hotel in Pacific Grove · ★5.0 · 1 bedroom · 1 bed · 1 private bath,46785054,Seven Gables,,Pacific Grove,36.62349,-121.91625,Private room,332,1,11,2023-11-23,0.22,20,190,4,
34652464,Villa in Pacific Grove · 1 bedroom · 3 beds · 1 bath,247822961,Sheryl,,Pacific Grove,36.62874,-121.93062,Entire home/apt,210,3,1,2019-05-26,0.02,1,89,0,
35930695,Hotel in Pacific Grove · Studio · 2 beds · 1 bath,266041351,VacayHome,,Pacific Grove,36.63006,-121.93108,Private room,147,2,0,,,2,0,0,
35930773,Resort in Pacific Grove · 1 bedroom · 2 beds · 1 bath,266041351,VacayHome,,Pacific Grove,36.62966,-121.93067,Private room,142,2,0,,,2,0,0,
35950153,Boutique hotel in Pacific Grove · ★4.66 · 1 bedroom · 1 bed · 1 private bath,270423498,Pacific,,Pacific Grove,36.61867,-121.91911,Hotel room,117,1,720,2023-12-17,13.19,11,362,77,
35967096,Home in Pacific Grove · 1 bedroom · 1 bed · 1 bath,87827,Amie,,Pacific Grove,36.62211,-121.91847,Entire home/apt,293,30,1,2021-12-29,0.04,2,83,0,
36006241,Boutique hotel in Pacific Grove · ★4.54 · 1 bedroom · 1 bed · 1 shared bath,270423498,Pacific,,Pacific Grove,36.61867,-121.91911,Hotel room,129,1,272,2023-12-09,4.98,11,357,50,
36006645,Boutique hotel in Pacific Grove · ★4.72 · 1 bedroom · 1 bed · 1 private bath,270423498,Pacific,,Pacific Grove,36.61867,-121.91911,Hotel room,135,1,125,2023-06-19,2.29,11,364,6,
36007109,Boutique hotel in Pacific Grove · ★4.51 · 1 bedroom · 1 bed · 1 shared bath,270423498,Pacific,,Pacific Grove,36.61867,-121.91911,Hotel room,125,1,142,2023-10-02,2.61,11,358,8,
36007581,Boutique hotel in Pacific Grove · ★4.68 · 1 bedroom · 2 beds · 1 private bath,270423498,Pacific,,Pacific Grove,36.62012,-121.91887,Hotel room,147,1,373,2023-12-27,6.98,11,0,72,
36008146,Boutique hotel in Pacific Grove · ★4.55 · 1 bedroom · 2 beds · 1 private bath,270423498,Pacific,,Pacific Grove,36.61867,-121.91911,Hotel room,147,1,146,2023-09-30,2.68,11,357,12,
36045923,Boutique hotel in Pacific Grove · ★4.64 · 1 bedroom · 1 bed · 1 shared bath,270423498,Pacific,,Pacific Grove,36.61867,-121.91911,Hotel room,142,1,36,2023-08-04,0.66,11,352,2,
36046495,Boutique hotel in Pacific Grove · ★4.69 · 2 bedrooms · 2 beds · 1 shared bath,270423498,Pacific,,Pacific Grove,36.61867,-121.91911,Hotel room,176,1,200,2023-12-24,3.67,11,349,47,
36046892,Boutique hotel in Pacific Grove · ★4.64 · 2 bedrooms · 3 beds · 1 private bath,270423498,Pacific,,Pacific Grove,36.61867,-121.91911,Hotel room,176,1,181,2023-12-19,3.31,11,12,26,
37393944,Home in Pacific Grove · 2 bedrooms · 2 beds · 1 bath,140243627,Sanctuary Vacation Rentals,,Pacific Grove,36.623956,-121.927605,Entire home/apt,169,30,0,,,47,262,0,
38239130,Home in Pacific Grove · ★4.95 · 1 bedroom · 2 beds · 1 bath,284809622,Jordan,,Pacific Grove,36.62612,-121.91973,Entire home/apt,200,28,19,2023-08-21,0.66,1,316,5,
38539935,Home in Pacific Grove · ★4.59 · 3 bedrooms · 4 beds · 2 baths,140243627,Sanctuary Vacation Rentals,,Pacific Grove,36.623282,-121.921234,Entire home/apt,319,1,41,2023-11-21,0.81,47,348,16,
39130725,Home in Pacific Grove · ★4.67 · 2 bedrooms · 4 beds · 2 baths,300084599,Ricardo,,Pacific Grove,36.61696,-121.9109,Entire home/apt,168,30,52,2023-12-03,1.04,1,39,26,
39131210,Home in Pacific Grove · ★5.0 · 2 bedrooms · 2 beds · 2 baths,299581636,Joe,,Pacific Grove,36.62178,-121.91851,Entire home/apt,400,2,156,2023-12-29,3.04,1,212,37,
39537770,Home in Pacific Grove · 3 bedrooms · 3 beds · 2 baths,303782959,Charleen,,Pacific Grove,36.61671,-121.91375,Entire home/apt,400,30,1,2021-05-09,0.03,1,363,0,
40032768,Home in Pacific Grove · ★4.86 · 3 bedrooms · 3 beds · 2 baths,140243627,Sanctuary Vacation Rentals,,Pacific Grove,36.619334,-121.917286,Entire home/apt,302,1,43,2023-12-20,1.23,47,353,22,
40825261,Condo in Pacific Grove · 2 bedrooms · 4 beds · 3 baths,69588791,Erik,,Pacific Grove,36.62281,-121.91789,Entire home/apt,,3,0,,,3,0,0,
41156259,Home in Pacific Grove · ★4.95 · 4 bedrooms · 5 beds · 2 baths,46858016,Anne,,Pacific Grove,36.62364,-121.91592,Entire home/apt,675,30,21,2023-08-05,0.54,1,128,3,
41857390,Home in Pacific Grove · ★4.71 · 4 bedrooms · 5 beds · 4 baths,270423498,Pacific,,Pacific Grove,36.61867,-121.91911,Entire home/apt,574,1,85,2023-12-07,2.01,11,360,10,
42454978,Home in Pacific Grove · ★4.82 · 1 bedroom · 1 bed · 1 bath,140243627,Sanctuary Vacation Rentals,,Pacific Grove,36.62739,-121.92089,Entire home/apt,198,1,55,2023-11-02,1.27,47,328,15,
42559514,Guesthouse in Pacific Grove · ★4.60 · Studio · 4 beds · 1 bath,51346216,Linda,,Pacific Grove,36.62324,-121.94074,Entire home/apt,125,30,10,2023-09-02,0.26,1,179,3,
42561512,Boutique hotel in Pacific Grove · ★4.82 · Studio · 3 beds · 1 shared bath,270423498,Pacific,,Pacific Grove,36.61947,-121.91806,Private room,163,1,50,2023-12-26,1.15,11,14,12,
43580733,Bed and breakfast in Pacific Grove · ★4.71 · 1 bedroom · 2 beds · 1 private bath,347917130,Centrella,,Pacific Grove,36.62256,-121.91821,Private room,262,1,97,2023-11-20,2.44,4,0,29,
43743300,Bed and breakfast in Pacific Grove · ★4.77 · 1 bedroom · 1 bed · 1 private bath,347917130,Centrella,,Pacific Grove,36.62256,-121.91821,Private room,194,1,606,2023-12-16,14.08,4,0,172,
43757076,Bed and breakfast in Pacific Grove · ★4.75 · 1 bedroom · 2 beds · 1 private bath,347917130,Centrella,,Pacific Grove,36.62256,-121.91821,Private room,184,1,73,2023-12-16,1.75,4,250,38,
43820284,Bed and breakfast in Pacific Grove · ★4.73 · 1 bedroom · 1 bed · 1 private bath,347917130,Centrella,,Pacific Grove,36.62256,-121.91821,Private room,224,1,52,2023-12-09,1.28,4,224,47,
44048009,Home in Pacific Grove · ★4.40 · 2 bedrooms · 3 beds · 2 baths,181127429,Joseph And Tamara,,Pacific Grove,36.61843,-121.93177,Entire home/apt,117,30,5,2022-07-31,0.20,2,232,0,
44808129,Rental unit in Pacific Grove · ★4.92 · Studio · 2 beds · 1 bath,359484123,Dennis,,Pacific Grove,36.6186,-121.90669,Entire home/apt,60,30,12,2023-11-18,0.32,3,317,3,
44844957,Cottage in Pacific Grove · ★5.0 · 1 bedroom · 1 bed · 1 bath,8334086,Mel,,Pacific Grove,36.61509,-121.9131,Entire home/apt,,30,4,2023-03-12,0.10,2,0,2,
45113988,Home in Pacific Grove · ★4.0 · 3 bedrooms · 4 beds · 2.5 baths,161014914,Carmel Coast Estate,,Pacific Grove,36.61442,-121.91569,Entire home/apt,217,30,3,2023-08-26,0.13,5,205,2,
45285433,Cottage in Pacific Grove · 1 bedroom · 1 bed · 1 bath,44462086,Meg,,Pacific Grove,36.62349,-121.91739,Entire home/apt,175,14,2,2021-02-03,0.05,1,256,0,
45710558,Home in Pacific Grove · ★4.94 · 2 bedrooms · 2 beds · 1.5 baths,359484123,Dennis,,Pacific Grove,36.61781,-121.90594,Entire home/apt,105,30,16,2023-12-02,0.45,3,288,7,
45928538,Condo in Pacific Grove · ★4.94 · 2 bedrooms · 3 beds · 2 baths,4622744,Ahnalisa,,Pacific Grove,36.61945,-121.91674,Entire home/apt,463,2,98,2023-12-28,2.51,1,81,36,
46197794,Home in Monterey · ★4.76 · 2 bedrooms · 2 beds · 1 bath,373981342,Ryan,,Pacific Grove,36.61769,-121.90418,Entire home/apt,304,2,182,2023-12-29,4.84,1,0,73,
46454838,Rental unit in Pacific Grove · ★4.91 · Studio · 1 bed · 1 bath,64966396,Sarah,,Pacific Grove,36.62051,-121.91787,Entire home/apt,126,30,11,2023-12-15,0.32,1,364,3,
46561318,Home in Pacific Grove · ★4.91 · 3 bedrooms · 4 beds · 2 baths,140243627,Sanctuary Vacation Rentals,,Pacific Grove,36.621188,-121.911641,Entire home/apt,350,1,45,2023-12-24,1.29,47,309,18,
46927425,Home in Pacific Grove · ★5.0 · 1 bedroom · 1 bed · 1 bath,359484123,Dennis,,Pacific Grove,36.61707,-121.90737,Entire home/apt,139,30,7,2023-09-09,0.22,3,129,2,
47812234,Home in Pacific Grove · ★5.0 · 3 bedrooms · 3 beds · 2.5 baths,140243627,Sanctuary Vacation Rentals,,Pacific Grove,36.623748,-121.91774,Entire home/apt,423,1,36,2023-11-21,1.02,47,335,19,
48185087,Boutique hotel in Pacific Grove · ★4.93 · 1 bedroom · 1 bed · 1 private bath,46785054,Seven Gables,,Pacific Grove,36.62321,-121.9165,Private room,422,1,30,2023-10-05,0.90,20,206,6,
48281357,Boutique hotel in Pacific Grove · ★5.0 · 1 bedroom · 1 bed · 1 private bath,46785054,Seven Gables,,Pacific Grove,36.62297,-121.91503,Private room,382,1,6,2023-03-01,0.19,20,196,1,
48569542,Condo in Pacific Grove · ★4.60 · 2 bedrooms · 3 beds · 3 baths,69588791,Erik,,Pacific Grove,36.62092,-121.91783,Entire home/apt,,7,5,2022-08-11,0.15,3,0,0,
48803024,Home in Pacific Grove · 4 bedrooms · 5 beds · 3 baths,140243627,Sanctuary Vacation Rentals,,Pacific Grove,36.621743,-121.921256,Entire home/apt,253,30,0,,,47,322,0,
48803070,Home in Pacific Grove · ★5.0 · 3 bedrooms · 4 beds · 2.5 baths,140243627,Sanctuary Vacation Rentals,,Pacific Grove,36.62376,-121.91903,Entire home/apt,411,1,31,2023-12-12,1.03,47,343,15,
48995459,Rental unit in Pacific Grove · ★4.86 · 2 bedrooms · 3 beds · 2 baths,110664679,Rhonda,,Pacific Grove,36.62601,-121.92125,Entire home/apt,432,1,159,2023-12-24,4.83,2,260,44,
49413685,Home in Pacific Grove · ★4.78 · 3 bedrooms · 3 beds · 2 baths,140243627,Sanctuary Vacation Rentals,,Pacific Grove,36.623645,-121.918687,Entire home/apt,402,1,65,2023-12-24,2.04,47,339,34,
49417292,Cottage in Pacific Grove · ★4.80 · 1 bedroom · 1 bed · 1 bath,4027409,Rory,,Pacific Grove,36.61952,-121.92473,Entire home/apt,113,30,5,2023-12-06,0.17,1,269,2,
49619172,Home in Monterey · ★5.0 · 1 bedroom · 2 beds · 1 bath,226221616,Rajas,,Pacific Grove,36.615286275914556,-121.90921916793704,Entire home/apt,120,30,4,2022-05-08,0.14,2,55,0,
49950545,Home in Pacific Grove · ★4.98 · 2 bedrooms · 2 beds · 1 bath,152844993,Ellen,,Pacific Grove,36.62239,-121.91684,Entire home/apt,530,3,152,2023-12-29,4.83,1,0,54,
50000524,Condo in Pacific Grove · 3 bedrooms · 3 beds · 2.5 baths,140243627,Sanctuary Vacation Rentals,,Pacific Grove,36.621386,-121.916875,Entire home/apt,291,30,0,,,47,214,0,
50462307,Rental unit in Pacific Grove · ★4.83 · 1 bedroom · 1 bed · 1 bath,154896480,April,,Pacific Grove,36.62053,-121.9086,Entire home/apt,244,1,34,2023-11-13,1.14,5,0,23,
50567200,Home in Pacific Grove · 3 bedrooms · 3 beds · 2 baths,161014914,Carmel Coast Estate,,Pacific Grove,36.63206,-121.92504,Entire home/apt,234,29,2,2022-04-25,0.09,5,134,0,
50707285,Home in Pacific Grove · ★4.76 · 1 bedroom · 1 bed · 1.5 shared baths,10752409,Faye,,Pacific Grove,36.6031,-121.93281,Private room,59,1,147,2023-12-12,5.24,1,68,69,
50864110,Home in Pacific Grove · 3 bedrooms · 4 beds · 2 baths,140243627,Sanctuary Vacation Rentals,,Pacific Grove,36.63419,-121.93053,Entire home/apt,199,30,0,,,47,265,0,
51003171,Condo in Pacific Grove · 1 bedroom · 2 beds · 1 bath,343316498,John,,Pacific Grove,36.62267,-121.91841,Entire home/apt,,2,1,2022-08-11,0.06,1,0,0,
51038675,Boutique hotel in Pacific Grove · ★5.0 · 1 bedroom · 1 bed · 1 private bath,46785054,Seven Gables,,Pacific Grove,36.62334,-121.9165,Private room,452,1,3,2023-05-17,0.10,20,164,2,
51086425,Home in Pacific Grove · ★4.99 · 2 bedrooms · 3 beds · 1 bath,128301422,Carolyn,,Pacific Grove,36.60623,-121.92071,Entire home/apt,326,3,75,2023-12-04,2.59,3,80,32,
51351238,Home in Monterey · ★5.0 · 2 bedrooms · 3 beds · 2 baths,226221616,Rajas,,Pacific Grove,36.61483,-121.91002,Entire home/apt,170,180,9,2022-11-12,0.33,2,81,0,
52232739,Condo in Pacific Grove · 3 bedrooms · 2 beds · 2.5 baths,140243627,Sanctuary Vacation Rentals,,Pacific Grove,36.62125237132892,-121.91695823809815,Entire home/apt,341,30,0,,,47,211,0,
52829050,Bed and breakfast in Pacific Grove · ★5.0 · 1 bedroom · 1 bed · 1 private bath,36177924,Angela,,Pacific Grove,36.62115,-121.91026,Private room,365,1,23,2023-05-28,0.86,9,206,7,
52885376,Boutique hotel in Pacific Grove · ★4.85 · 1 bedroom · 1 bed · 1 private bath,36177924,Angela,,Pacific Grove,36.62128,-121.91103,Private room,296,1,13,2023-11-11,0.50,9,197,3,
52886744,Bed and breakfast in Pacific Grove · ★4.73 · 1 bedroom · 1 bed · 1 bath,36177924,Angela,,Pacific Grove,36.61994,-121.91185,Private room,251,1,11,2023-01-29,0.42,9,221,2,
52887087,Boutique hotel in Pacific Grove · ★4.79 · 1 bedroom · 1 bed · 1 bath,36177924,Angela,,Pacific Grove,36.61916,-121.91122,Private room,251,1,34,2023-12-02,1.32,9,189,13,
52887371,Bed and breakfast in Pacific Grove · ★5.0 · 1 bedroom · 1 bed · 1 private bath,36177924,Angela,,Pacific Grove,36.62059,-121.9102,Private room,244,1,10,2023-11-07,0.39,9,228,4,
52887567,Bed and breakfast in Pacific Grove · ★4.81 · 1 bedroom · 1 bed · 1 private bath,36177924,Angela,,Pacific Grove,36.61985,-121.90969,Private room,251,1,32,2023-10-10,1.22,9,194,15,
53132392,Bed and breakfast in Pacific Grove · ★4.83 · 1 bedroom · 1 bed · 1 private bath,36177924,Angela,,Pacific Grove,36.62079,-121.91056,Private room,227,1,36,2023-08-15,1.39,9,214,7,
53133142,Bed and breakfast in Pacific Grove · ★5.0 · 1 bedroom · 3 beds · 1 shared bath,36177924,Angela,,Pacific Grove,36.61974,-121.911,Private room,321,1,13,2023-08-08,0.50,9,233,3,
53133671,Bed and breakfast in Pacific Grove · ★4.92 · 1 bedroom · 1 bed · 1 private bath,36177924,Angela,,Pacific Grove,36.62072,-121.9111,Private room,290,1,25,2023-02-13,0.96,9,207,6,
53546916,Home in Pacific Grove · ★5.0 · 3 bedrooms · 4 beds · 2 baths,433610036,Kathleen,,Pacific Grove,36.62199,-121.92251,Entire home/apt,225,30,6,2023-02-28,0.25,1,297,1,
53863626,Home in Pacific Grove · 4 bedrooms · 5 beds · 2 baths,9018490,Mara,,Pacific Grove,36.61694,-121.9322,Entire home/apt,320,30,1,2023-07-12,0.17,1,296,1,
557212564041000775,Home in Pacific Grove · 2 bedrooms · 2 beds · 2 baths,390590280,Carol,,Pacific Grove,36.621342,-121.921227,Entire home/apt,175,29,2,2023-10-03,0.28,1,356,2,
558567972140183340,Home in Pacific Grove · 2 bedrooms · 2 beds · 1 bath,140243627,Sanctuary Vacation Rentals,,Pacific Grove,36.627192,-121.920636,Entire home/apt,198,30,0,,,47,214,0,
564443155898110904,Cottage in Pacific Grove · ★5.0 · 2 bedrooms · 2 beds · 2 baths,4591051,Dave & Lee,,Pacific Grove,36.61988,-121.91132,Entire home/apt,190,30,11,2023-11-15,0.53,2,276,5,
575386907507888297,Vacation home in Pacific Grove · ★4.80 · 3 bedrooms · 4 beds · 1 bath,10619708,Kyle,,Pacific Grove,36.62046432495117,-121.92179107666016,Entire home/apt,173,29,5,2023-08-31,0.29,1,30,3,
579603922194777208,Home in Pacific Grove · ★5.0 · 1 bedroom · 1 bed · 1 bath,14299946,Joy,,Pacific Grove,36.61975,-121.91905,Entire home/apt,133,30,3,2023-08-04,0.42,2,332,3,
584244668012154218,Home in Pacific Grove · ★4.99 · 2 bedrooms · 3 beds · 2 baths,231876424,Ismael,,Pacific Grove,36.6235,-121.91737,Entire home/apt,417,3,112,2023-12-29,5.65,1,0,65,
587711256303177865,Home in Pacific Grove · ★5.0 · 1 bedroom · 1 bed · 1 private bath,450657170,Sue,,Pacific Grove,36.63425,-121.92469,Private room,260,2,250,2023-12-30,11.98,1,67,149,
589997411964604458,Guesthouse in Pacific Grove · 1 bedroom · 2 beds · 1 bath,8334086,Mel,,Pacific Grove,36.61582,-121.91168,Entire home/apt,150,30,2,2023-07-01,0.27,2,53,2,
601607408829967958,Home in Pacific Grove · 3 bedrooms · 4 beds · 2 baths,7784527,Steve,,Pacific Grove,36.63137,-121.92745,Entire home/apt,320,29,1,2023-05-08,0.13,1,330,1,
612985331019155343,Home in Pacific Grove · 4 bedrooms · 5 beds · 2 baths,140243627,Sanctuary Vacation Rentals,,Pacific Grove,36.623947,-121.917238,Entire home/apt,,30,1,2023-07-01,0.16,47,0,1,
624984642076258093,Condo in Pacific Grove · ★4.92 · 1 bedroom · 4 beds · 1 bath,154896480,April,,Pacific Grove,36.62049,-121.90831,Entire home/apt,242,1,39,2023-11-21,2.42,5,53,24,
633856738121492251,Home in Pacific Grove · 3 bedrooms · 4 beds · 2 baths,140243627,Sanctuary Vacation Rentals,,Pacific Grove,36.63475,-121.92593,Entire home/apt,211,30,0,,,47,245,0,
643638874635862537,Home in Pacific Grove · 2 bedrooms · 2 beds · 1 bath,161014914,Carmel Coast Estate,,Pacific Grove,36.62528,-121.91948,Entire home/apt,108,29,0,,,5,134,0,
648034558163632199,Home in Pacific Grove · 3 bedrooms · 3 beds · 2 baths,15429359,Jim,,Pacific Grove,36.62127,-121.91617,Entire home/apt,401,30,1,2023-03-02,0.10,2,364,1,
654376990660517969,Home in Pacific Grove · 2 bedrooms · 1 bed · 2 baths,140243627,Sanctuary Vacation Rentals,,Pacific Grove,36.61971,-121.9088,Entire home/apt,146,30,0,,,47,323,0,
663527596243608771,Home in Pacific Grove · 3 bedrooms · 4 beds · 2.5 baths,140243627,Sanctuary Vacation Rentals,,Pacific Grove,36.620024,-121.926473,Entire home/apt,190,30,0,,,47,334,0,
663847654921511495,Cottage in Pacific Grove · ★5.0 · 2 bedrooms · 2 beds · 1 bath,86763870,Courtney,,Pacific Grove,36.63006,-121.9241,Entire home/apt,154,29,4,2023-10-31,0.25,1,177,2,
708639157230123006,Villa in Pacific Grove · 3 bedrooms · 3 beds · 2 baths,478036315,Gayle,,Pacific Grove,36.63027421983373,-121.9224703116394,Entire home/apt,337,29,1,2023-07-31,0.19,1,151,1,
711435093441286850,Home in Pacific Grove · 2 bedrooms · 2 beds · 1 bath,140243627,Sanctuary Vacation Rentals,,Pacific Grove,36.61287,-121.91826,Entire home/apt,192,30,0,,,47,273,0,
711435993406948898,Home in Pacific Grove · 3 bedrooms · 3 beds · 2.5 baths,140243627,Sanctuary Vacation Rentals,,Pacific Grove,36.62043,-121.91449,Entire home/apt,209,30,0,,,47,297,0,
718053579509769774,Vacation home in Pacific Grove · 1 bedroom · 1 bed · 1 bath,79380425,Steven,,Pacific Grove,36.6289841,-121.9313181,Entire home/apt,130,7,1,2022-12-11,0.08,1,0,0,
721013850491372477,Home in Pacific Grove · 2 bedrooms · 3 beds · 2 baths,15742664,Natalie,,Pacific Grove,36.6011,-121.93513,Entire home/apt,212,30,2,2023-09-25,0.18,1,177,2,
745562708839740258,Home in Pacific Grove · 3 bedrooms · 3 beds · 2 baths,161014914,Carmel Coast Estate,,Pacific Grove,36.60296,-121.92471,Entire home/apt,200,29,1,2023-12-05,1,5,195,1,
752827578289346070,Home in Pacific Grove · 2 bedrooms · 4 beds · 2 baths,2360802,Sean,,Pacific Grove,36.62751,-121.92033,Entire home/apt,113,1,0,,,2,151,0,
781089865642487835,Home in Pacific Grove · 3 bedrooms · 5 beds · 2.5 baths,140243627,Sanctuary Vacation Rentals,,Pacific Grove,36.62047,-121.9138,Entire home/apt,211,30,0,,,47,182,0,
808273804035038794,Home in Pacific Grove · ★5.0 · 3 bedrooms · 5 beds · 3 baths,7471973,Jennifer,,Pacific Grove,36.62155010606474,-121.91265367538324,Entire home/apt,650,4,11,2023-09-10,1.05,1,71,11,
854345612665578066,Home in Pacific Grove · 3 bedrooms · 4 beds · 2 baths,398938178,Evelyn,,Pacific Grove,36.60127,-121.9328,Entire home/apt,290,30,0,,,1,364,0,
856592878049086180,Home in Pacific Grove · 5 bedrooms · 4 beds · 2.5 baths,98921156,Laura,,Pacific Grove,36.61772,-121.9339,Entire home/apt,265,29,1,2023-07-16,0.18,1,211,1,
868710091988066065,Home in Pacific Grove · 3 bedrooms · 3 beds · 1 bath,140243627,Sanctuary Vacation Rentals,,Pacific Grove,36.63062,-121.92588,Entire home/apt,173,30,0,,,47,243,0,
871717955892996876,Home in Pacific Grove · 3 bedrooms · 3 beds · 3 baths,140243627,Sanctuary Vacation Rentals,,Pacific Grove,36.619,-121.90861,Entire home/apt,211,30,0,,,47,99,0,
879279503944467183,Home in Pacific Grove · 3 bedrooms · 3 beds · 2 baths,30022902,Monika,,Pacific Grove,36.60235,-121.93317,Entire home/apt,,30,0,,,1,176,0,
882689689386652619,Condo in Pacific Grove · 2 bedrooms · 2 beds · 2.5 baths,140243627,Sanctuary Vacation Rentals,,Pacific Grove,36.62013831153467,-121.91574525273126,Entire home/apt,341,30,0,,,47,183,0,
883466282042242993,Home in Pacific Grove · 3 bedrooms · 3 beds · 2 baths,161014914,Carmel Coast Estate,,Pacific Grove,36.6168,-121.91467,Entire home/apt,501,30,0,,,5,307,0,
886952517504399964,Home in Pacific Grove · ★5.0 · 3 bedrooms · 4 beds · 2 baths,9432352,Mimi + Alan,,Pacific Grove,36.620469351857004,-121.90525918636156,Entire home/apt,416,2,3,2023-12-22,3,1,213,3,
887838447373873195,Home in Pacific Grove · 2 bedrooms · 3 beds · 2 baths,105349308,Linda,,Pacific Grove,36.62533,-121.93495,Entire home/apt,149,30,1,2023-09-12,0.27,1,206,1,
910124947116022766,Home in Pacific Grove · ★5.0 · 2 bedrooms · 2 beds · 1.5 baths,140243627,Sanctuary Vacation Rentals,,Pacific Grove,36.61985,-121.9203,Entire home/apt,280,1,5,2023-11-26,1.02,47,346,5,
910980481675556275,Home in Pacific Grove · 1 bedroom · 2 beds · 1 bath,499160,Kristina,,Pacific Grove,36.63041,-121.92381,Entire home/apt,204,30,0,,,2,364,0,
911755867663841098,Home in Pacific Grove · 4 bedrooms · 4 beds · 3 baths,499160,Kristina,,Pacific Grove,36.62947,-121.92262,Entire home/apt,666,31,1,2023-08-09,0.21,2,364,1,
933173065545771068,Home in Pacific Grove · 3 bedrooms · 3 beds · 2 baths,57406565,Paul,,Pacific Grove,36.6223172,-121.9177818,Entire home/apt,1400,5,1,2023-08-21,0.23,1,132,1,
933455916078918115,Home in Pacific Grove · ★5.0 · 3 bedrooms · 3 beds · 1.5 baths,42937418,Natalie,,Pacific Grove,36.60417594354369,-121.92996260629016,Entire home/apt,190,30,8,2023-12-16,1.62,1,183,8,
940717280067603969,Home in Pacific Grove · 2 bedrooms · 2 beds · 2 baths,140243627,Sanctuary Vacation Rentals,,Pacific Grove,36.63594786731798,-121.93009197225386,Entire home/apt,211,30,0,,,47,274,0,
940718076963870050,Home in Pacific Grove · 3 bedrooms · 3 beds · 3 baths,140243627,Sanctuary Vacation Rentals,,Pacific Grove,36.63372,-121.93051,Entire home/apt,261,30,0,,,47,183,0,
941025946730216239,Condo in Pacific Grove · ★4.67 · 1 bedroom · 2 beds · 1 bath,154896480,April,,Pacific Grove,36.619786256658294,-121.9095555891285,Entire home/apt,226,1,21,2023-12-08,3.89,5,27,21,
941110352475787853,Condo in Pacific Grove · ★4.65 · 1 bedroom · 2 beds · 1 bath,154896480,April,,Pacific Grove,36.619454441285455,-121.90993088416236,Entire home/apt,216,1,19,2023-12-17,3.68,5,0,19,
941246442669168634,Condo in Pacific Grove · ★4.77 · 1 bedroom · 1 bed · 1 bath,154896480,April,,Pacific Grove,36.619219042873596,-121.90967938055358,Entire home/apt,205,1,12,2023-12-06,2.34,5,0,12,
950151411434706891,Home in Pacific Grove · ★4.75 · 4 bedrooms · 5 beds · 2 baths,529781693,Kyle,,Pacific Grove,36.6189551469871,-121.91623092018745,Entire home/apt,770,2,8,2023-12-03,2.29,5,290,8,
956714387034806874,Home in Pacific Grove · 3 bedrooms · 3 beds · 2 baths,2298434,Namrata,,Pacific Grove,36.617327330706885,-121.9091683325251,Entire home/apt,499,5,1,2023-09-13,0.27,1,119,1,
965241307518489125,Home in Pacific Grove · 3 bedrooms · 4 beds · 2 baths,140243627,Sanctuary Vacation Rentals,,Pacific Grove,36.628136030860674,-121.93263675263904,Entire home/apt,192,30,0,,,47,274,0,
987019047100646374,Home in Pacific Grove · 3 bedrooms · 3 beds · 2.5 baths,3588729,Brigitte,,Pacific Grove,36.6326829,-121.9244889,Entire home/apt,160,30,1,2023-11-13,0.61,1,55,1,
993465694346171072,Home in Pacific Grove · 2 bedrooms · 2 beds · 1 bath,140243627,Sanctuary Vacation Rentals,,Pacific Grove,36.616903828481725,-121.9076583480098,Entire home/apt,153,30,0,,,47,270,0,
1024723970367377569,Home in Pacific Grove · ★New · 2 bedrooms · 3 beds · 1 bath,2360802,Sean,,Pacific Grove,36.622038277795866,-121.91275553082352,Entire home/apt,177,1,0,,,2,281,0,
1025589748925418589,Home in Pacific Grove · ★New · 2 bedrooms · 2 beds · 1.5 baths,529781693,Kyle,,Pacific Grove,36.621342581569394,-121.91841881981885,Entire home/apt,389,2,2,2023-12-15,2,5,16,2,
1025604649934814205,Tiny home in Pacific Grove · ★New · 1 bedroom · 1 bed · 1 bath,529781693,Kyle,,Pacific Grove,36.62457701114818,-121.92187155140248,Entire home/apt,282,2,0,,,5,241,0,
1026245119220707284,Home in Pacific Grove · ★New · 2 bedrooms · 2 beds · 1.5 baths,529781693,Kyle,,Pacific Grove,36.623618835060455,-121.91622343588784,Entire home/apt,408,2,1,2023-12-13,1,5,230,1,
1026263523763027719,Rental unit in Pacific Grove · ★New · 1 bedroom · 1 bed · 1 bath,529781693,Kyle,,Pacific Grove,36.62265703967171,-121.91526318442992,Entire home/apt,230,2,1,2023-11-26,0.83,5,259,1,
1031223786862447780,Home in Pacific Grove · ★New · 3 bedrooms · 4 beds · 2 baths,456018609,Vacasa California,,Pacific Grove,36.61271883855827,-121.91842978140569,Entire home/apt,230,30,0,,,1,365,0,
1035683605362677222,Rental unit in Pacific Grove · ★New · 1 bedroom · 1 bed · 1 bath,25773171,Jan,,Pacific Grove,36.62035,-121.91807,Entire home/apt,170,2,0,,,1,252,0,
1048632656564504285,Home in Pacific Grove · ★New · 3 bedrooms · 3 beds · 2.5 baths,20561566,Yohann,,Pacific Grove,36.63272172386986,-121.92788036497664,Entire home/apt,1156,2,0,,,1,172,0,
1050805310792689932,Home in Pacific Grove · ★New · 2 bedrooms · 3 beds · 2 baths,140243627,Sanctuary Vacation Rentals,,Pacific Grove,36.62225059571546,-121.91060505927955,Entire home/apt,357,1,0,,,47,340,0,
