id,name,host_id,host_name,neighbourhood_group,neighbourhood,latitude,longitude,room_type,price,minimum_nights,number_of_reviews,last_review,reviews_per_month,calculated_host_listings_count,availability_365,number_of_reviews_ltm,license
199568,Guest suite in Salem · ★4.90 · 1 bedroom · 1 bed · 1 bath,974919,Sara,,Ward 1,44.95192,-123.05614,Entire home/apt,95,3,197,2023-07-30,1.31,1,42,8,
5021839,Home in Salem · ★5.0 · 2 bedrooms · 2 beds · 1 bath,25909376,Sean,,Ward 7,44.90964,-123.04896,Entire home/apt,,3,3,2023-03-24,0.24,1,0,1,
7293821,Guest suite in Salem · ★4.95 · Studio · 1 bed · 1 bath,38202007,Julie,,Ward 7,44.92547,-123.04879,Entire home/apt,103,2,398,2023-12-10,3.88,1,78,16,
8524259,Home in Salem · ★5.0 · 1 bedroom · 1 bed · 1 shared bath,2421461,Nancy,,Ward 7,44.88991,-123.06846,Private room,65,1,3,2021-04-21,0.04,2,364,0,
8698684,Home in Salem · ★4.80 · 3 bedrooms · 3 beds · 1 bath,3208932,Christy,,Ward 2,44.93312,-123.02016,Entire home/apt,225,3,88,2023-01-01,0.90,3,0,1,
9477671,Guesthouse in Salem · ★4.98 · 1 bedroom · 1 bed · 1 bath,14797761,Leigh,,Ward 1,44.95675,-123.02419,Entire home/apt,97,1,736,2023-12-18,8.20,1,78,113,
11362008,Home in Salem · ★4.87 · 1 bedroom · 1 bed · 1 shared bath,3208932,Christy,,Ward 2,44.93207,-123.02118,Private room,49,1,552,2023-12-17,5.90,3,0,97,
12588161,Home in Salem · ★4.89 · 1 bedroom · 1 bed · 1 shared bath,68279432,Sharon,,Ward 2,44.91142,-123.03245,Private room,42,3,87,2023-09-30,0.93,1,311,12,
13620753,Home in Salem · ★4.96 · 1 bedroom · 2 beds · 1 private bath,78890374,Bob & Delia,,Ward 8,44.96082,-123.06966,Private room,66,1,542,2023-12-10,5.96,1,0,81,
13960938,Home in Salem · ★4.87 · 2 bedrooms · 2 beds · 1 private bath,19196434,Maria,,Ward 7,44.90192,-123.05814,Private room,60,3,232,2023-11-21,2.60,1,254,32,
14017093,Home in Salem · ★4.95 · 1 bedroom · 1 bed · 1 shared bath,74488167,Casey,,Ward 2,44.9213,-123.03834,Private room,,1,240,2023-10-16,2.65,1,0,15,
14077210,Guesthouse in Salem · ★4.99 · Studio · 1 bed · 1 bath,2666789,Mary Lou,,Ward 7,44.92475,-123.04907,Entire home/apt,111,2,290,2023-12-11,3.22,1,67,22,
14556351,Home in Salem · ★4.84 · 5 bedrooms · 7 beds · 3.5 baths,83848627,Matthew,,Ward 2,44.91507,-123.04065,Entire home/apt,345,2,128,2023-11-11,1.45,1,336,14,
15272064,Home in Salem · ★4.95 · 1 bedroom · 1 bed · 1 private bath,49073704,Elizabeth,,Ward 2,44.91113,-123.04217,Private room,88,1,853,2023-12-17,9.73,5,0,89,
15815105,Home in Salem · ★4.96 · 1 bedroom · 1 bed · 1 private bath,49073704,Elizabeth,,Ward 2,44.91015,-123.04219,Private room,102,1,596,2023-12-17,6.91,5,0,77,
16001174,Rental unit in Salem · 1 bedroom · 1 bed · 1 bath,102278503,Victoria,,Ward 2,44.925816,-123.032356,Entire home/apt,89,60,1,2022-07-10,0.06,6,365,0,
16690039,Home in Salem · ★4.89 · 1 bedroom · 1 bed · 1 shared bath,3208932,Christy,,Ward 2,44.93099,-123.01964,Private room,44,1,445,2023-12-18,5.27,3,8,109,
16830697,Home in Salem · ★4.86 · 2 bedrooms · 2 beds · 1 bath,111865646,Stephanie,,Ward 2,44.9424567,-122.9975313,Entire home/apt,120,1,6,2023-12-13,3.40,1,0,6,
17111184,Home in Salem · ★5.0 · 1 bedroom · 1 bed · 1 shared bath,10502090,Jean,,Ward 2,44.93262,-123.02136,Private room,118,2,30,2023-09-10,0.36,3,360,2,
17238122,Rental unit in Salem · ★4.0 · 1 bedroom · 1 bed · 1 bath,102278503,Victoria,,Ward 2,44.92538,-123.03349,Entire home/apt,70,60,9,2023-12-09,0.23,6,275,3,
18004141,Rental unit in Salem · ★4.90 · 1 bedroom · 1 bed · 1 shared bath,104708472,Sara And Adam,,Ward 8,44.93277,-123.07673,Private room,47,1,71,2023-11-11,4.20,2,356,30,
18979869,Home in Salem · 1 bedroom · 1 bed · 1 shared bath,16355487,Sandy & Ben,,Ward 8,44.97377,-123.0755,Private room,76,30,1,2017-08-21,0.01,1,83,0,
19144944,Guest suite in Salem · ★4.96 · 1 bedroom · 1 bed · 1 bath,133856626,Diane,,Ward 3,44.88754,-122.95042,Entire home/apt,80,2,320,2023-11-16,4.10,1,153,49,
19488223,Cottage in Salem · ★4.76 · 2 bedrooms · 5 beds · 1 bath,136789901,Greg,,Ward 2,44.93075,-123.018797,Entire home/apt,,2,40,2023-11-26,3.66,1,0,40,
19508454,Home in Salem · ★5.0 · 4 bedrooms · 5 beds · 2.5 baths,106768472,Amy,,Ward 4,44.87142,-123.01223,Entire home/apt,,3,10,2023-07-30,0.13,1,0,4,
19532562,Home in Salem · 1 bedroom · 1 bed · 1 bath,134427390,Nathan,,Ward 1,44.93746,-123.02308,Entire home/apt,1000,2,1,2017-08-21,0.01,1,0,0,
19983672,Townhouse in Salem · 1 bedroom · 1 bed · 1 shared bath,141740262,Megan,,Ward 4,44.85864,-123.021,Private room,65,2,1,2017-08-22,0.01,1,173,0,
20011950,Home in Salem · 1 bedroom · 1 bed · 1.5 baths,2421461,Nancy,,Ward 7,44.89219,-123.06835,Private room,90,1,1,2017-08-23,0.01,2,183,0,
20014682,Home in Salem · 1 bedroom · 1 bed · 1 shared bath,93510253,Lindsey,,Ward 2,44.92118,-123.03929,Private room,301,2,0,,,2,0,0,
20015604,Home in Salem · 1 bedroom · 1 bed · 1 shared bath,93510253,Lindsey,,Ward 2,44.92183,-123.03875,Private room,249,2,1,2017-08-22,0.01,2,0,0,
20035307,Home in Salem · ★4.93 · 1 bedroom · 1 bed · 1 bath,90246105,Susan,,Ward 1,44.95115,-123.01415,Entire home/apt,72,2,135,2023-08-29,1.74,1,109,12,
20072558,Guesthouse in Salem · ★4.85 · 1 bedroom · 1 bed · 1 bath,142659171,Judy,,Ward 8,44.94098,-123.0816,Entire home/apt,81,3,148,2023-11-24,1.92,1,0,28,
20231503,Home in Salem · ★4.93 · 1 bedroom · 1 bed · 1 private bath,49073704,Elizabeth,,Ward 2,44.91053,-123.04228,Private room,88,1,414,2023-12-18,5.35,5,0,73,
20232827,Home in Salem · ★4.87 · 3 bedrooms · 4 beds · 2 baths,144041038,Ligali,,Ward 3,44.89706,-123.04828,Entire home/apt,172,2,205,2023-11-10,2.73,2,0,34,
20235110,Home in Salem · ★4.88 · 3 bedrooms · 4 beds · 2 baths,144041038,Ligali,,Ward 4,44.87536,-123.06243,Entire home/apt,190,2,26,2023-11-27,1.93,2,151,25,
20329857,Rental unit in Salem · 1 bedroom · 1 bed · 1 bath,144680856,Patricia,,Ward 2,44.92144,-123.03041,Entire home/apt,1000,2,0,,,1,0,0,
20455186,Home in Salem · 5 bedrooms · 3 beds · 2 baths,146014773,Tim,,Ward 4,44.86729,-123.03919,Entire home/apt,750,1,1,2017-08-21,0.01,1,89,0,
20537027,Home in Salem · 1 bedroom · 1 bed · 1 shared bath,62669634,Lynne,,Ward 7,44.873,-123.07645,Private room,175,2,0,,,1,0,0,
20555651,Home in Salem · ★4.88 · 1 bedroom · 1 bed · 1 private bath,49073704,Elizabeth,,Ward 2,44.91053,-123.04374,Private room,,1,113,2022-06-04,1.46,5,0,0,
20638909,Home in Salem · ★5.0 · 2 bedrooms · 4 beds · 2 baths,121688409,Evolve,,Ward 1,44.93725,-123.01751,Entire home/apt,209,2,14,2023-11-12,0.20,5,278,8,
20769206,Home in Salem · ★5.0 · 1 bedroom · 1 bed · 1 shared bath,148795009,Evelyn,,Ward 2,44.92046,-123.03606,Private room,37,3,32,2023-10-08,0.43,2,203,8,
20843302,Home in Salem · ★5.0 · 1 bedroom · 1 bed · 1.5 shared baths,121661305,Don,,Ward 4,44.87828,-123.01769,Private room,34,28,14,2023-02-22,0.19,2,255,1,
22215712,Home in Salem · ★4.84 · 1 bedroom · 1 bed · 1 private bath,161312832,Emily,,Ward 4,44.87868,-123.03944,Private room,80,1,358,2023-11-26,4.91,1,241,52,
23234197,Home in Salem · ★4.91 · 2 bedrooms · 2 beds · 2 baths,9643500,Jason,,Ward 4,44.87166,-123.03452,Entire home/apt,139,2,163,2023-12-19,2.34,1,77,34,
23320790,Home in Salem · ★5.0 · 1 bedroom · 1 bed · 1.5 shared baths,121661305,Don,,Ward 4,44.87754,-123.0186,Private room,34,28,10,2023-09-02,0.19,2,290,4,
24019630,Home in Salem · ★4.92 · 2 bedrooms · 2 beds · 1 private bath,10502090,Jean,,Ward 2,44.93258,-123.02038,Private room,166,2,24,2023-07-24,0.35,3,360,2,
24373913,Bungalow in Salem · ★4.89 · 1 bedroom · 1 bed · 1 shared bath,67196252,Marissa,,Ward 1,44.9499,-123.02577,Private room,60,1,63,2023-11-29,0.96,1,45,36,
24377106,Guesthouse in Salem · ★4.69 · Studio · 1 bed · 1 bath,136123864,Jim,,Ward 1,44.94504,-123.01961,Entire home/apt,79,2,12,2023-11-27,0.18,1,0,6,
24780208,Guesthouse in Salem · ★4.91 · 1 bedroom · 2 beds · 1 bath,49073704,Elizabeth,,Ward 2,44.91033,-123.04212,Entire home/apt,119,1,568,2023-12-03,8.28,5,0,83,
27546916,Bungalow in Salem · ★4.88 · 2 bedrooms · 2 beds · 1 bath,31303377,Sarita,,Ward 7,44.92812,-123.04918,Entire home/apt,144,2,58,2023-11-19,0.90,1,320,15,
30340285,Home in Salem · ★4.83 · 1 bedroom · 1 bed · 1 bath,17219224,Caleb And Keely,,Ward 2,44.92394,-123.04143,Entire home/apt,75,30,54,2023-10-16,0.88,1,190,4,
30442754,Cottage in Salem · ★4.85 · 1 bedroom · 2 beds · 1 bath,228558574,Bill & Aimee,,Ward 7,44.91849,-123.04551,Entire home/apt,163,2,115,2023-12-20,1.89,1,351,27,
31907842,Guest suite in Salem · ★4.91 · 2 bedrooms · 2 beds · 1 bath,18601259,Jackie,,Ward 1,44.94718,-123.02315,Entire home/apt,81,1,357,2023-11-19,6.12,1,16,61,
32018098,Home in Salem · ★4.95 · 4 bedrooms · 4 beds · 2.5 baths,240057378,Patricia,,Ward 8,44.9706,-123.07798,Entire home/apt,327,2,120,2023-11-26,2.14,1,332,14,
32133603,Condo in Salem · ★4.82 · 2 bedrooms · 2 beds · 2 baths,142420980,Amanda,,Ward 1,44.94525,-123.03162,Entire home/apt,101,1,253,2023-12-15,4.27,6,0,70,
32640764,Home in Salem · ★4.86 · 4 bedrooms · 5 beds · 3 baths,99619504,Connie,,Ward 5,44.98383,-122.95934,Entire home/apt,483,2,79,2023-06-26,1.38,1,156,5,
33528630,Guesthouse in Salem · ★4.97 · Studio · 1 bed · 1 bath,88052328,Shana,,Ward 1,44.9472,-123.02004,Entire home/apt,79,1,394,2023-12-20,6.98,1,0,81,
33901803,Home in Salem · ★4.97 · 1 bedroom · 1 bed · 1 bath,9817410,Norma,,Ward 1,44.93816,-123.02123,Entire home/apt,129,2,171,2023-12-08,3.32,1,220,38,
34158635,Home in Salem · ★4.98 · 1 bedroom · 1 bed · 1 shared bath,148795009,Evelyn,,Ward 2,44.92045,-123.03764,Private room,42,3,45,2023-07-07,0.81,2,365,6,
34604471,Guest suite in Salem · ★4.97 · Studio · 1 bed · 1 bath,8255821,Krista,,Ward 1,44.94833,-123.02856,Entire home/apt,77,2,72,2023-12-15,2.21,1,0,13,
34614134,Home in Salem · ★4.93 · 1 bedroom · 1 bed · 1 shared bath,261141361,Helen,,Ward 8,44.94958,-123.07905,Private room,34,5,28,2023-11-30,0.50,1,49,5,
34687816,Home in Salem · ★5.0 · 1 bedroom · 1 bed · 1 private bath,7975048,Darlene,,Ward 7,44.91213,-123.0642,Private room,85,1,30,2023-08-28,0.54,1,355,9,
36353518,Guest suite in Salem · ★4.97 · 1 bedroom · 1 bed · 1 bath,116540450,Jada,,Ward 2,44.93596,-123.00985,Entire home/apt,69,1,117,2023-12-20,9.94,1,0,117,
36806045,Home in Salem · ★4.81 · 3 bedrooms · 4 beds · 1 bath,276655122,Kathie,,Ward 6,44.94848,-123.00479,Entire home/apt,186,1,108,2023-11-25,2.01,1,354,51,
37157862,Condo in Salem · ★4.82 · 2 bedrooms · 2 beds · 1 bath,142420980,Amanda,,Ward 1,44.94566,-123.03098,Entire home/apt,90,1,226,2023-12-20,4.21,6,0,70,
37815385,Home in Salem · ★4.81 · 1 bedroom · 1 bed · 1 shared bath,138914826,Riley,,Ward 1,44.94474,-123.01352,Private room,35,2,110,2021-12-12,2.20,1,10,0,
38976509,Tiny home in Salem · ★4.70 · 1 bedroom · 1 bed · Half-bath,183514,Ruth,,Ward 1,44.94507,-123.01065,Entire home/apt,45,7,23,2023-11-30,0.47,1,179,3,
38980158,Home in Salem · ★4.93 · 1 bedroom · 1 bed · 2 shared baths,104054845,Jennifer,,Ward 2,44.92552,-123.03385,Private room,,2,29,2023-10-30,0.60,4,0,5,
39128949,Home in Salem · ★4.96 · 3 bedrooms · 4 beds · 2.5 baths,283063,Robert,,Ward 7,44.91073,-123.06282,Entire home/apt,229,5,50,2023-11-27,1.02,2,77,14,
39736719,Home in Salem · 1 bedroom · 2 beds · 1 bath,283063,Robert,,Ward 7,44.91112,-123.06132,Entire home/apt,,5,0,,,2,0,0,
39969910,Home in Salem · ★4.98 · 1 bedroom · 1 bed · 1 bath,20726798,Judy,,Ward 2,44.92886,-123.04466,Entire home/apt,106,2,109,2023-11-29,2.31,2,160,29,
40070743,Home in Salem · ★4.77 · 3 bedrooms · 3 beds · 1 bath,143942772,Tim,,Ward 5,44.9628,-123.01897,Entire home/apt,127,2,116,2023-11-25,2.35,1,317,32,
40861468,Guest suite in Salem · ★4.75 · 1 bedroom · 2 beds · 1 bath,27758890,Cassi,,Ward 7,44.917,-123.05502,Entire home/apt,125,2,24,2023-11-19,0.50,1,132,10,
41338909,Guest suite in Salem · ★4.99 · Studio · 1 bed · 1 bath,58210782,Heather,,Ward 1,44.94401,-123.01452,Entire home/apt,80,3,91,2023-12-15,1.92,1,0,25,
41609993,Home in Salem · ★5.0 · 4 bedrooms · 4 beds · 2 baths,190791737,Jenni,,Ward 4,44.86857,-123.04213,Entire home/apt,414,3,10,2023-11-24,0.96,1,151,10,
42050383,Home in Salem · ★5.0 · 3 bedrooms · 3 beds · 3 baths,333300204,Roz,,Ward 5,44.97013,-123.03558,Entire home/apt,300,2,3,2023-07-24,0.26,2,349,3,
42243993,Condo in Salem · ★4.82 · 2 bedrooms · 3 beds · 2 baths,142420980,Amanda,,Ward 1,44.9471,-123.0312,Entire home/apt,97,1,262,2023-12-16,5.81,6,0,63,
42472856,Home in Salem · ★4.80 · 1 bedroom · 1 bed · 1 shared bath,104054845,Jennifer,,Ward 2,44.92667,-123.03245,Private room,,2,25,2023-03-20,0.73,4,0,1,
42796228,Home in Salem · ★4.79 · 3 bedrooms · 4 beds · 2 baths,4923044,Matthew,,Ward 5,44.9525,-122.99252,Entire home/apt,,1,70,2023-02-27,1.53,1,0,1,
42817285,Townhouse in Salem · ★4.95 · 3 bedrooms · 4 beds · 1.5 baths,341037787,Joanie,,Ward 2,44.93011,-123.01908,Entire home/apt,175,2,57,2023-09-18,1.37,1,329,13,
42818351,Guest suite in Salem · ★4.87 · 1 bedroom · 1 bed · 1 bath,22810342,Michael,,Ward 1,44.94704026914458,-123.02359279031081,Entire home/apt,113,1,84,2023-10-18,1.84,5,230,25,
42995714,Home in Salem · ★5.0 · 3 bedrooms · 3 beds · 2 baths,3705464,Andrea,,Ward 7,44.91399,-123.04763,Entire home/apt,79,30,6,2023-10-31,0.14,2,94,5,
43582845,Home in Salem · ★4.94 · 1 bedroom · 1 bed · 1 bath,97331039,Brandon,,Ward 1,44.94468,-123.05472,Entire home/apt,106,1,135,2023-12-17,6.04,2,0,70,
44613720,Home in Salem · ★5.0 · 3 bedrooms · 3 beds · 2 baths,361069274,Bella,,Ward 8,44.94374095256848,-123.09205986239907,Entire home/apt,260,2,3,2023-12-17,2.25,1,241,3,
45791126,Home in Salem · ★4.91 · 4 bedrooms · 5 beds · 2.5 baths,78391796,Faith,,Ward 3,44.88788,-123.01672,Entire home/apt,236,3,148,2023-11-28,3.82,1,0,38,
46030321,Camper/RV in Salem · 1 bed · Half-bath,126369803,Eric,,Ward 1,44.94539,-123.01041,Entire home/apt,40,1,0,,,1,0,0,
46299140,Home in Salem · ★4.91 · 2 bedrooms · 2 beds · 1 private bath,3705464,Andrea,,Ward 7,44.91554,-123.0515,Private room,34,28,11,2023-11-19,0.30,2,167,4,
46656862,Home in Salem · ★4.95 · 1 bedroom · 1 bed · 1 private bath,24633740,Mina,,Ward 1,44.94944,-123.05623,Private room,,1,40,2022-11-04,1.17,1,0,0,
46883743,Home in Salem · ★4.82 · 3 bedrooms · 3 beds · 2 baths,378740541,Ashley,,Ward 4,44.88229,-123.00453,Entire home/apt,245,2,57,2023-09-17,1.57,1,1,3,
47091813,Rental unit in Salem · ★4.76 · 1 bedroom · 1 bed · 1 bath,51012505,Amanda,,Ward 1,44.93828,-123.02178,Entire home/apt,80,30,29,2022-11-29,0.80,3,138,0,
47185169,Guesthouse in Salem · ★4.85 · 1 bedroom · 1 bed · 1 bath,381131161,Tressa,,Ward 7,44.92853,-123.04838,Entire home/apt,73,1,150,2023-11-19,4.11,1,67,48,
47308994,Condo in Salem · ★4.71 · 1 bedroom · 1 bed · 1 bath,16551601,Dan N Fay,,Ward 8,44.94332,-123.08595,Entire home/apt,149,2,30,2023-06-18,1.04,1,0,5,
47958424,Rental unit in Salem · ★5.0 · 1 bedroom · 1 bed · 1 bath,102278503,Victoria,,Ward 2,44.92648,-123.03325,Entire home/apt,95,60,3,2022-09-24,0.11,6,89,0,
47987577,Home in Salem · ★4.60 · 1 bedroom · 2 beds · 1 bath,51012505,Amanda,,Ward 1,44.93869,-123.02161,Entire home/apt,90,30,15,2023-01-11,0.50,3,179,1,
48000304,Home in Salem · ★4.91 · 2 bedrooms · 2 beds · 1 bath,12285441,Sheri,,Ward 2,44.91754,-123.0362,Entire home/apt,133,5,56,2023-11-30,1.62,1,0,16,
48138030,Guest suite in Salem · ★4.97 · 1 bedroom · 1 bed · 1 bath,45044784,Debbie,,Ward 7,44.91298,-123.06674,Entire home/apt,93,1,141,2023-12-17,4.23,3,156,48,
48384939,Guest suite in Salem · ★4.86 · 1 bedroom · 2 beds · 1 bath,57072094,Lily,,Ward 8,44.94441,-123.08543,Entire home/apt,105,2,29,2023-10-08,0.85,1,360,7,
48546846,Guest suite in Salem · ★5.0 · 1 bedroom · 2 beds · 1 bath,348921397,Kristie,,Ward 1,44.95218,-123.01199,Entire home/apt,125,2,40,2023-09-03,1.30,1,358,7,
48564869,Rental unit in Salem · ★5.0 · 2 bedrooms · 2 beds · 1 bath,391829961,Neil,,Ward 2,44.93158,-123.02176,Entire home/apt,95,30,10,2023-12-02,0.32,4,269,3,
49034912,Guest suite in Salem · ★4.83 · 1 bedroom · 1 bed · 1 bath,120966503,Kayla,,Ward 8,44.95977,-123.06547,Entire home/apt,120,2,89,2023-11-30,3.57,1,253,34,
50115199,Rental unit in Salem · 1 bedroom · 1 shared bath,240317686,Isabellah,,Ward 1,44.94641,-123.02134,Shared room,75,1,0,,,1,0,0,
50119734,Home in Salem · ★4.71 · 3 bedrooms · 5 beds · 2 baths,404415327,Curt,,Ward 1,44.95343,-123.01882,Entire home/apt,245,2,35,2023-10-08,1.79,1,339,18,
50349038,Rental unit in Salem · ★4.67 · 2 bedrooms · 2 beds · 1.5 baths,391829961,Neil,,Ward 7,44.90243,-123.04959,Entire home/apt,103,30,3,2022-07-03,0.12,4,269,0,
50447645,Home in Salem · ★4.89 · 3 bedrooms · 4 beds · 2 baths,407589371,Angela,,Ward 1,44.952446,-123.016159,Entire home/apt,199,2,36,2023-11-26,1.23,1,335,11,
50484701,Loft in Salem · ★4.94 · 2 bedrooms · 2 beds · 1 bath,407581863,Warren,,Ward 1,44.93923,-123.02761,Entire home/apt,162,2,63,2023-11-29,2.08,19,0,22,
50599685,Loft in Salem · ★4.98 · 2 bedrooms · 2 beds · 1 bath,407581863,Warren,,Ward 1,44.941975,-123.039902,Entire home/apt,193,3,40,2023-12-13,1.32,19,288,11,
50664432,Home in Salem · ★3.80 · 1 bedroom · 1 bed · 1.5 shared baths,51689419,Nick,,Ward 1,44.94516,-123.01186,Private room,79,1,5,2023-07-24,0.17,1,365,1,
50673630,Bed and breakfast in Salem · 1 bedroom · 1 private bath,10502090,Jean,,Ward 2,44.93433,-123.02127,Private room,126,2,2,2022-05-20,0.07,3,179,0,
50877729,Loft in Salem · ★4.91 · 2 bedrooms · 3 beds · 1 bath,407581863,Warren,,Ward 1,44.940449,-123.041534,Entire home/apt,169,2,22,2023-09-14,0.82,19,278,4,
50919816,Home in Salem · ★4.86 · 2 bedrooms · 3 beds · 1 bath,258249548,Jessica,,Ward 5,44.96519,-122.99727,Entire home/apt,150,2,36,2023-09-02,1.28,1,349,7,
50996786,Rental unit in Salem · 2 bedrooms · 2 beds · 1 bath,391829961,Neil,,Ward 2,44.91025,-123.02871,Entire home/apt,105,30,2,2022-05-01,0.08,4,269,0,
51004299,Townhouse in Salem · ★4.78 · 2 bedrooms · 2 beds · 1 bath,407581863,Warren,,Ward 1,44.938416,-123.023468,Entire home/apt,158,2,55,2023-10-02,1.90,19,359,21,
51019464,Home in Salem · ★4.56 · 3 bedrooms · 3 beds · 1.5 baths,407581863,Warren,,Ward 2,44.913837,-123.038841,Entire home/apt,173,3,9,2023-11-25,0.32,19,280,6,
51021341,Loft in Salem · ★4.83 · 2 bedrooms · 2 beds · 1 bath,407581863,Warren,,Ward 1,44.93974,-123.0425,Entire home/apt,149,2,36,2023-10-08,1.29,19,306,10,
51022955,Guesthouse in Salem · ★4.64 · 1 bedroom · 1 bed · 1 bath,407581863,Warren,,Ward 7,44.918655,-123.064087,Entire home/apt,102,2,45,2023-12-04,1.55,19,358,9,
51023356,Home in Salem · ★4.71 · 3 bedrooms · 3 beds · 1.5 baths,407581863,Warren,,Ward 2,44.924755,-123.033401,Entire home/apt,199,3,24,2023-08-23,1.23,19,75,11,
51104836,Home in Salem · ★5.0 · 2 bedrooms · 2 beds · 1 private bath,45044784,Debbie,,Ward 7,44.91069,-123.06503,Private room,,1,21,2023-06-18,0.73,3,0,2,
51268205,Townhouse in Salem · ★4.82 · 3 bedrooms · 3 beds · 2.5 baths,124085149,Ray,,Ward 4,44.87008,-123.01817,Entire home/apt,172,3,86,2023-11-27,3.22,1,0,41,
51332824,Guest suite in Salem · ★4.94 · 1 bedroom · 2 beds · 1 bath,299107336,Don,,Ward 8,44.94938,-123.08683,Entire home/apt,105,2,86,2023-11-11,2.96,1,0,35,
51445226,Tent in Salem · ★5.0 · 1 bedroom · 2 beds · 1 shared bath,241338749,Stephanie,,Ward 7,44.8739,-123.07536,Private room,,1,5,2022-09-04,0.17,1,0,0,
51498765,Cottage in Salem · ★4.97 · 2 bedrooms · 2 beds · 1 bath,84296528,Lillian,,Ward 7,44.89906,-123.09695,Entire home/apt,212,1,173,2023-11-29,5.99,2,0,85,
51580229,Rental unit in Salem · 1 bedroom · 1 bed · 1 bath,102278503,Victoria,,Ward 2,44.92546,-123.03167,Entire home/apt,81,60,2,2022-11-09,0.10,6,361,0,
51773506,casa particular in Salem · ★4.83 · 1 bedroom · 1 bed · 1.5 shared baths,419419268,Cecile,,Ward 4,44.86902,-123.04274,Private room,75,3,18,2023-08-20,0.64,2,365,3,
51783712,casa particular in Salem · ★4.86 · 1 bedroom · 1 bed · 1 shared bath,419419268,Cecile,,Ward 4,44.86858,-123.04299,Private room,100,7,21,2022-07-18,0.74,2,364,0,
51863196,Home in Salem · ★5.0 · 1 bedroom · 1 bed · 1 shared bath,104054845,Jennifer,,Ward 2,44.92656,-123.0338,Private room,40,2,6,2023-04-11,0.58,4,0,6,
51909986,Condo in Salem · ★4.83 · 1 bedroom · 1 bed · 1 bath,142420980,Amanda,,Ward 1,44.94778,-123.03133,Entire home/apt,101,30,24,2023-11-15,0.96,6,158,19,
52149787,Rental unit in Salem · 2 bedrooms · 2 beds · 1 bath,407581863,Warren,,Ward 1,44.941902,-123.04007,Entire home/apt,99,14,1,2022-10-01,0.07,19,286,0,
52354445,Condo in Salem · ★4.80 · 2 bedrooms · 2 beds · 1 bath,142420980,Amanda,,Ward 1,44.94767,-123.03143,Entire home/apt,80,1,79,2023-12-07,3.05,6,0,44,
52936961,Home in Salem · 3 bedrooms · 3 beds · 3 baths,333300204,Roz,,Ward 5,44.96951,-123.03568,Entire home/apt,325,2,1,2022-12-28,0.08,2,344,1,
53188670,Home in Salem · ★4.85 · 2 bedrooms · 2 beds · 1 bath,185354594,Aimee,,Ward 1,44.95312,-123.02356,Entire home/apt,129,1,47,2023-10-02,3.77,2,343,45,
53256374,Home in Salem · ★5.0 · 2 bedrooms · 1 bath,51012505,Amanda,,Ward 1,44.93872,-123.02157,Entire home/apt,120,30,8,2023-02-11,0.31,3,170,1,
53546584,Home in Salem · ★4.88 · 1 bedroom · 1 bed · 1 private bath,386940608,Cynthia,,Ward 2,44.92391,-123.03135,Private room,55,1,131,2023-12-18,5.29,1,0,47,
53927608,Home in Salem · ★4.75 · 1 bedroom · 1 bed · 1 bath,379732841,Amy,,Ward 7,44.91419,-123.04934,Entire home/apt,83,3,4,2023-05-02,0.16,1,48,2,
54056293,Home in Salem · 3 bedrooms · 3 beds · 2 baths,438086831,Oleg,,Ward 7,44.88874,-123.05089,Entire home/apt,175,4,2,2022-07-30,0.10,8,161,0,
54092629,Home in Salem · ★5.0 · 1 bedroom · 1 bed · 2.5 shared baths,92687697,Tauren,,Ward 1,44.93541,-123.02083,Private room,46,30,5,2023-09-23,0.22,5,17,1,
54093080,Home in Salem · ★5.0 · 1 bedroom · 1 bed · 2.5 shared baths,92687697,Tauren,,Ward 1,44.93694,-123.02043,Private room,54,30,6,2023-11-23,0.28,5,98,1,
54093259,Home in Salem · ★4.60 · 1 bedroom · 1 bed · 2.5 shared baths,92687697,Tauren,,Ward 1,44.93706,-123.01977,Private room,48,30,5,2023-07-29,0.24,5,78,2,
54093296,Home in Salem · ★5.0 · 1 bedroom · 1 bed · 2.5 shared baths,92687697,Tauren,,Ward 2,44.93502,-123.02052,Private room,49,30,6,2023-11-18,0.27,5,17,3,
54093317,Home in Salem · ★5.0 · 1 bedroom · 1 bed · 3.5 baths,92687697,Tauren,,Ward 1,44.93629,-123.01931,Private room,65,30,7,2023-09-15,0.33,5,88,2,
54095800,Home in Salem · ★4.92 · 2 bedrooms · 2 beds · 1 bath,341269792,Renae,,Ward 7,44.89272,-123.05777,Entire home/apt,150,2,24,2023-11-25,1.24,1,332,15,
54161903,Home in Salem · 4 bedrooms · 4 beds · 2.5 baths,147303121,Mike & Ally,,Ward 8,44.94697,-123.06585,Entire home/apt,250,30,0,,,1,47,0,
54181067,Home in Salem · ★5.0 · 1 bedroom · 1 bed · 1 shared bath,438086831,Oleg,,Ward 7,44.8888,-123.04945,Private room,,2,7,2022-05-15,0.30,8,0,0,
54182557,Home in Salem · ★4.77 · 4 bedrooms · 4 beds · 3.5 baths,301586216,Gene,,Ward 5,44.99752,-122.96874,Entire home/apt,300,3,13,2023-10-22,0.70,2,333,12,
54298128,Home in Salem · ★5.0 · 1 bedroom · 1 bed · 2 baths,438086831,Oleg,,Ward 7,44.89012,-123.05124,Private room,,2,5,2022-05-16,0.21,8,0,0,
54298325,Home in Salem · ★5.0 · 1 bedroom · 1 bed · 1 shared bath,438086831,Oleg,,Ward 7,44.8901,-123.04936,Private room,,2,3,2022-05-01,0.13,8,0,0,
554979564451017024,Rental unit in Salem · ★4.60 · 1 bedroom · 1 bed · 1 bath,142420980,Amanda,,Ward 1,44.94584,-123.03176,Entire home/apt,77,30,10,2023-10-28,0.48,6,319,7,
565639133635114859,Home in Salem · ★5.0 · 4 bedrooms · 4 beds · 3.5 baths,45044784,Debbie,,Ward 7,44.91388,-123.06543,Entire home/apt,600,1,28,2023-11-06,1.38,3,336,14,
572042860728365603,Guest suite in Salem · ★4.56 · 1 bedroom · 3 beds · 1 bath,25417117,Tiffany,,Ward 8,44.94722,-123.07447,Entire home/apt,101,1,55,2023-11-19,2.54,1,149,22,
573939723498729158,Guesthouse in Salem · ★5.0 · 1 bedroom · 1 bed · 1 bath,141403844,Rachel,,Ward 1,44.94279,-123.01585,Entire home/apt,56,28,9,2023-12-16,0.45,1,12,6,
583694758993198434,Home in Salem · ★4.79 · 6 bedrooms · 7 beds · 3 baths,165330582,Roddy,,Ward 8,44.94942,-123.0792,Entire home/apt,498,1,81,2023-11-26,3.80,1,346,34,
586351092417840398,Home in Salem · ★4.38 · 3 bedrooms · 3 beds · 2 baths,407581863,Warren,,Ward 2,44.913921,-123.04184,Entire home/apt,169,3,8,2023-09-03,1.16,19,168,8,
588674620465539061,Home in Salem · ★4.94 · 2 bedrooms · 2 beds · 1 bath,407581863,Warren,,Ward 2,44.926373,-123.023994,Entire home/apt,169,2,16,2023-10-14,0.88,19,361,14,
589036744025791254,Home in Salem · ★4.79 · 2 bedrooms · 3 beds · 1 bath,111798177,Bryan,,Ward 1,44.94362,-123.01642,Entire home/apt,129,2,42,2023-11-25,2.00,1,246,8,
590845550474281367,Home in Salem · ★4.82 · 2 bedrooms · 2 beds · 1 bath,407581863,Warren,,Ward 2,44.926338,-123.024155,Entire home/apt,169,2,11,2023-11-19,0.67,19,353,8,
592702230820536944,Rental unit in Salem · ★5.0 · 2 bedrooms · 2 beds · 1 bath,391829961,Neil,,Ward 2,44.93067,-123.02231,Entire home/apt,93,30,5,2023-10-08,0.28,4,364,4,
594312136958704712,Townhouse in Salem · ★4.97 · 3 bedrooms · 2.5 baths,444961038,Mark & Svetlana,,Ward 4,44.86921,-123.0174,Entire home/apt,157,2,78,2023-11-27,3.72,3,250,39,
594378636886993787,Rental unit in Salem · ★5.0 · 1 bedroom · 1 bed · 1 bath,172368364,Ellen,,Ward 2,44.93557,-123.0255,Entire home/apt,158,30,25,2023-10-29,1.49,10,205,22,
594378674176058095,Rental unit in Salem · ★5.0 · 1 bedroom · 1 bed · 1 bath,172368364,Ellen,,Ward 2,44.93519,-123.0254,Entire home/apt,87,30,14,2023-04-06,0.78,10,157,4,
597102190121690062,Guest suite in Salem · ★4.87 · 1 bedroom · 1 bed · 1 bath,22810342,Michael,,Ward 1,44.94789381949839,-123.02269386624472,Entire home/apt,108,1,54,2023-11-27,2.97,5,261,36,
597152408679630910,Home in Salem · ★4.79 · 2 bedrooms · 3 beds · 1 bath,71531506,Jolie,,Ward 2,44.93189,-123.01289,Entire home/apt,131,2,87,2023-12-06,4.56,3,0,59,
597774178813498790,Guest suite in Salem · ★4.96 · 1 bedroom · 1 bed · 1 bath,22810342,Michael,,Ward 1,44.947665035958785,-123.02239615210385,Entire home/apt,113,1,45,2023-11-11,2.52,5,0,25,
608221513985952006,Home in Salem · 2 bedrooms · 2 beds · 1 bath,42853709,Annie,,Ward 2,44.91913,-123.03433,Entire home/apt,101,5,2,2023-03-20,0.19,2,109,2,
615341342147571495,Home in Salem · ★4.99 · 2 bedrooms · 3 beds · 1.5 baths,22694722,Heather,,Ward 7,44.91102,-123.04864,Entire home/apt,169,2,70,2023-12-13,3.95,1,0,40,
616749636817529939,Home in Salem · ★3.90 · 1 bedroom · 1 bed · 1 private bath,202348074,Mark,,Ward 6,44.94545,-122.97299,Private room,80,1,10,2023-06-18,0.51,1,364,2,
627040863803737509,Home in Salem · ★4.98 · 1 bedroom · 1 bed · 1 shared bath,438592492,Viviane,,Ward 8,44.945293,-123.073303,Private room,48,1,126,2023-12-07,7.13,4,0,97,
628202912314539345,Home in Salem · ★4.96 · 1 bedroom · 1 bed · 1 private bath,438592492,Viviane,,Ward 8,44.94646,-123.07231,Private room,56,1,90,2023-12-17,4.85,4,0,69,
636875938004032351,Home in Salem · 2 bedrooms · 2 beds · 1 private bath,75914095,Stacy,,Ward 1,44.948193,-123.061142,Private room,296,1,1,2022-06-26,0.06,1,364,0,
638534831759766829,Rental unit in Salem · ★4.33 · 1 bedroom · 1 bed · 1 bath,102278503,Victoria,,Ward 2,44.925831,-123.031693,Entire home/apt,63,60,3,2023-10-04,0.20,6,98,2,
641487920022488174,Home in Salem · 1 bedroom · 1 bed · 1.5 baths,462449843,Yvonne,,Ward 8,44.94581,-123.08474,Private room,48,30,1,2022-06-24,0.05,5,324,0,
642268829856491847,Home in Salem · ★4.92 · 3 bedrooms · 3 beds · 2 baths,59330448,Jillian,,Ward 8,44.95054,-123.0655,Entire home/apt,163,3,71,2023-12-13,4.84,2,117,58,
642711245360783931,Home in Salem · ★5.0 · 1 bedroom · 1 bed · 1.5 baths,462449843,Yvonne,,Ward 8,44.94524,-123.08427,Private room,52,31,3,2022-06-25,0.16,5,364,0,
643423043957099940,Home in Salem · ★4.92 · 1 bedroom · 1 bed · 1.5 shared baths,462449843,Yvonne,,Ward 8,44.94665,-123.08558,Private room,40,10,13,2022-09-10,0.69,5,354,0,
643441015195418684,Home in Salem · ★5.0 · 1 bedroom · 1 bed · 1.5 shared baths,462449843,Yvonne,,Ward 8,44.94599,-123.08465,Private room,41,31,11,2023-08-24,0.59,5,264,1,
643459728596793786,Home in Salem · ★5.0 · 1 bedroom · 1 bed · 1.5 shared baths,462449843,Yvonne,,Ward 8,44.94517,-123.08434,Private room,37,31,3,2023-09-05,0.17,5,354,1,
645798569213587399,Rental unit in Salem · 1 bedroom · 1 bed · 1 bath,102278503,Victoria,,Ward 2,44.92623,-123.03224,Entire home/apt,100,60,2,2023-09-01,0.13,6,187,1,
646390898420903521,Home in Salem · 1 bedroom · 1 bed · 1 shared bath,169326565,Malia,,Ward 7,44.87675,-123.07192,Private room,,1,0,,,1,0,0,
647232541551978262,Serviced apartment in Salem · ★4.75 · 2 bedrooms · 2 beds · 1 bath,407581863,Warren,,Ward 1,44.94216611404998,-123.04039767406616,Entire home/apt,99,9,4,2023-07-31,0.25,19,253,1,
647232620270342292,Serviced apartment in Salem · ★4.75 · 1 bedroom · 1 bed · 1 bath,407581863,Warren,,Ward 7,44.9176551,-123.0476086,Entire home/apt,95,2,20,2023-12-04,1.13,19,24,9,
652223274363434611,Home in Salem · 1 bedroom · 1 bed · 1 bath,105875570,Brad,,Ward 3,44.8992,-123.01843,Entire home/apt,,30,2,2023-09-01,0.42,1,0,2,
657469130359434129,Home in Salem · ★4.92 · 3 bedrooms · 5 beds · 2 baths,71531506,Jolie,,Ward 2,44.93341,-123.0119,Entire home/apt,165,2,51,2023-10-23,2.85,3,0,29,
660452755793663391,Home in Salem · ★4.57 · 3 bedrooms · 3 beds · 2 baths,466851648,Nurideen,,Ward 4,44.8814709,-123.0350232,Entire home/apt,,2,14,2023-08-23,0.79,1,0,10,
666964316062811600,Home in Salem · ★5.0 · 1 bedroom · 1 bed · 1 bath,392515648,Pedro,,Ward 3,44.90171,-123.01905,Entire home/apt,150,2,30,2023-10-16,1.86,1,223,25,
669110199791378485,Home in Salem · ★4.96 · 3 bedrooms · 5 beds · 2 baths,34958322,Thu,,Ward 4,44.87803,-123.0429,Entire home/apt,193,2,46,2023-11-23,2.67,1,194,30,
671909400670994248,Home in Salem · ★5.0 · 1 bedroom · 1 bed · 1 shared bath,464792669,Alisa,,Ward 8,44.93872,-123.06706,Private room,52,1,4,2023-07-14,0.25,2,89,1,
673484120312585648,Home in Salem · ★4.95 · 1 bedroom · 1 bed · 1 shared bath,438592492,Viviane,,Ward 8,44.94567,-123.07367,Private room,47,1,101,2023-12-15,5.84,4,0,69,
688599973174128793,Guesthouse in Salem · ★4.98 · 3 bedrooms · 3 beds · 2 baths,215058058,Josh And Carlie,,Ward 8,44.94331,-123.06883,Entire home/apt,281,2,46,2023-11-25,2.79,1,0,27,
688700628998389796,Rental unit in Salem · ★5.0 · Studio · 2 beds · 1 bath,172368364,Ellen,,Ward 2,44.93499,-123.02361,Entire home/apt,185,30,9,2023-11-25,0.68,10,152,8,
690073662897501308,Vacation home in Salem · 1 bedroom · 1 bed · 1 bath,407581863,Warren,,Ward 8,44.95028,-123.06548,Entire home/apt,85,29,2,2022-11-13,0.13,19,309,0,
694880773128927057,Rental unit in Salem · ★4.89 · 1 bedroom · 1 bed · 1 bath,172368364,Ellen,,Ward 2,44.93366,-123.02555,Entire home/apt,126,1,9,2023-11-14,0.63,10,125,6,
695144434640162822,Home in Salem · ★4.81 · 1 bedroom · 1 bed · 1 shared bath,464792669,Alisa,,Ward 8,44.93664,-123.06636,Private room,50,1,26,2023-11-30,1.70,2,24,20,
703706236478091861,Home in Salem · ★4.97 · 4 bedrooms · 4 beds · 2 baths,97331039,Brandon,,Ward 2,44.93213,-123.04027,Entire home/apt,317,2,34,2023-12-01,3.59,2,198,34,
705746441768318341,Home in Salem · ★4.92 · 3 bedrooms · 3 beds · 2 baths,86630509,Rishel,,Ward 7,44.88549,-123.05494,Entire home/apt,156,2,39,2023-12-06,2.84,1,293,34,
706503284491725806,Home in Salem · 1 bedroom · 1 bed · 1 bath,38853605,Marie,,Ward 2,44.9241,-123.03845,Entire home/apt,85,7,1,2023-10-31,0.57,1,52,1,
709450458031626843,Home in Salem · 3 bedrooms · 2 beds · 2.5 baths,93180176,Jordan,,Ward 8,44.97524,-123.08137,Entire home/apt,,2,1,2023-07-24,0.20,1,0,1,
714534719251759279,Home in Salem · ★4.92 · 2 bedrooms · 2 beds · 1 bath,22810342,Michael,,Ward 1,44.9464,-123.02336,Entire home/apt,132,1,36,2023-12-15,4.15,5,290,36,
719704523910815941,Home in Salem · ★5.0 · 2 bedrooms · 3 beds · 1 bath,41156732,Stacey And Justin,,Ward 2,44.91937,-123.03304,Entire home/apt,145,7,5,2023-11-29,0.41,1,92,4,
724837583191069847,Home in Salem · ★4.30 · 2 bedrooms · 2 beds · 1 bath,481185544,Avery,,Ward 2,44.92911,-123.01237,Entire home/apt,122,3,10,2023-07-30,0.71,1,89,8,
726233407413033368,Home in Salem · ★4.94 · 1 bedroom · 1 bed · 1 private bath,481027695,Diane,,Ward 8,44.97789,-123.08079,Private room,95,1,18,2023-11-26,1.24,5,89,15,
726986905174669875,Home in Salem · ★5.0 · 1 bedroom · 1 bed · 1 shared bath,481027695,Diane,,Ward 8,44.97832,-123.08122,Private room,53,1,13,2023-12-04,1.47,5,83,13,
727081711794948492,Home in Salem · ★5.0 · 1 bedroom · 1 bed · 1 shared bath,481027695,Diane,,Ward 8,44.97899,-123.07916,Private room,54,1,8,2023-11-27,0.96,5,89,8,
728177657754369166,Rental unit in Salem · ★5.0 · 1 bedroom · 1 bed · 1 bath,172368364,Ellen,,Ward 2,44.93468,-123.02634,Entire home/apt,215,1,7,2023-09-23,0.57,10,220,6,
730661192567919286,Guest suite in Salem · ★4.92 · Studio · 3 beds · 1 bath,103777868,Andrew,,Ward 1,44.94887,-123.02684,Entire home/apt,,1,61,2023-12-03,4.80,1,0,58,
731178778661576057,Home in Salem · 2 bedrooms · 2 beds · 1 private bath,482377919,Oluwatoyin Abi,,Ward 7,44.89387,-123.06039,Private room,61,1,0,,,1,0,0,
731437149026597310,Home in Salem · ★5.0 · 3 bedrooms · 4 beds · 1 bath,36091512,Cam,,Ward 2,44.92671,-123.03387,Entire home/apt,185,1,41,2023-12-21,4.21,1,132,41,
732035440886016868,Home in Salem · ★5.0 · 2 bedrooms · 3 beds · 1 shared bath,481027695,Diane,,Ward 8,44.97427,-123.07761,Private room,112,2,6,2023-07-10,0.41,5,89,4,
732202642428754592,Home in Salem · 1 bedroom · 1 bed · 1 shared bath,209809216,Hannah,,Ward 4,44.8802,-123.01555,Private room,60,30,0,,,2,355,0,
733340852193910840,Home in Salem · 4 bedrooms · 3 beds · 2 baths,482780840,Christine,,Ward 2,44.91912,-123.03689,Entire home/apt,120,30,1,2022-12-23,0.08,1,97,1,
739339593342158838,Rental unit in Salem · ★4.80 · 3 bedrooms · 3 beds · 1.5 baths,84296528,Lillian,,Ward 1,44.9477,-123.03418,Entire home/apt,150,2,70,2023-12-17,4.94,2,225,58,
741268950953419301,Home in Salem · ★4.94 · 3 bedrooms · 4 beds · 2 baths,334297061,Christopher,,Ward 2,44.91265,-123.03953,Entire home/apt,204,1,87,2023-12-11,7.21,1,0,87,
741373589140804006,Home in Salem · ★5.0 · 3 bedrooms · 3 beds · 2 baths,193893330,Darren,,Ward 7,44.88592,-123.06353,Entire home/apt,225,2,8,2023-09-04,0.66,1,355,8,
742691488451181450,Home in Salem · ★4.67 · 3 bedrooms · 3 beds · 2 baths,438086831,Oleg,,Ward 3,44.88832,-123.04831,Entire home/apt,170,4,3,2023-11-25,0.63,8,176,3,
742712444659853643,Home in Salem · 1 bedroom · 1 bed · 2 baths,438086831,Oleg,,Ward 3,44.88922,-123.04823,Private room,,2,0,,,8,0,0,
742734313268207655,Home in Salem · 1 bedroom · 1 bed · 1 shared bath,438086831,Oleg,,Ward 3,44.88907,-123.04839,Private room,,2,0,,,8,0,0,
742742669593103146,Home in Salem · 1 bedroom · 1 bed · 1 shared bath,438086831,Oleg,,Ward 3,44.88822,-123.04652,Private room,,2,0,,,8,0,0,
743424855382175966,Home in Salem · 2 bedrooms · 2 beds · 1 bath,484644417,Cassandra,,Ward 1,44.9555,-123.02207,Entire home/apt,89,30,1,2023-07-31,0.21,1,83,1,
745182968152467380,Rental unit in Salem · ★4.80 · 2 bedrooms · 2 beds · 1 bath,407581863,Warren,,Ward 8,44.95010036197599,-123.06663334484612,Entire home/apt,99,29,5,2023-12-03,0.72,19,285,5,
749513190648603576,Rental unit in Salem · ★4.86 · 1 bedroom · 2 beds · 1 bath,9377039,Nicole,,Ward 1,44.94139,-123.04149,Entire home/apt,71,2,14,2023-03-28,1.04,1,0,8,
751613443453571574,Home in Salem · ★4.82 · 4 bedrooms · 5 beds · 2.5 baths,79580279,Michelle,,Ward 4,44.87604,-123.04944,Entire home/apt,301,2,17,2023-10-08,1.23,1,334,14,
752266632164894604,Home in Salem · ★5.0 · 1 bedroom · 1 bed · 1 shared bath,75807577,Aleksey,,Ward 8,44.94182,-123.09014,Private room,72,1,7,2023-09-05,0.86,2,89,7,
754373380258186954,Home in Salem · 1 bedroom · 1 bed · 1 private bath,486617372,Luz,,Ward 7,44.89461644178575,-123.0681398883462,Private room,51,31,0,,,3,364,0,
754579778573268788,Home in Salem · 1 bedroom · 1 bed · 1 private bath,486617372,Luz,,Ward 7,44.89465063792065,-123.0681412294507,Private room,74,30,0,,,3,364,0,
754582963829236445,Home in Salem · 2 bedrooms · 2 beds · 2 baths,486617372,Luz,,Ward 7,44.89513,-123.06924,Entire home/apt,150,31,0,,,3,364,0,
755760729813143533,Camper/RV in Salem · ★4.89 · 3 beds · 1 bath,13080515,Kevin,,Ward 8,44.9579415,-123.0677044,Entire home/apt,130,2,9,2023-10-13,1.44,1,364,9,
755877635014519688,Guest suite in Salem · ★4.99 · 1 bedroom · 1 bed · 1 bath,113898124,Ali,,Ward 1,44.9443125,-123.0184035,Entire home/apt,69,1,145,2023-12-09,10.96,1,0,130,
759442242389416627,Home in Salem · ★4.91 · 2 bedrooms · 2 beds · 1 bath,487570886,Grace,,Ward 1,44.94391,-123.02325,Entire home/apt,190,3,32,2023-10-16,2.45,1,329,30,
760795746288752682,Townhouse in Salem · ★4.63 · 3 bedrooms · 5 beds · 2 baths,121688409,Evolve,,Ward 1,44.94055,-123.06113,Entire home/apt,152,2,8,2023-10-30,0.91,5,355,8,
761020547818487329,Rental unit in Salem · ★5.0 · 1 bedroom · 2 beds · 1 bath,172368364,Ellen,,Ward 2,44.93306,-123.02622,Entire home/apt,278,1,10,2023-07-22,0.83,10,184,10,
764824593397783983,Home in Salem · 2 bedrooms · 2 beds · 1 bath,42853709,Annie,,Ward 2,44.9186,-123.03485,Entire home/apt,,3,1,2022-12-27,0.08,2,0,1,
769880376869091272,Home in Salem · ★4.67 · 2 bedrooms · 3 beds · 1.5 baths,301586216,Gene,,Ward 5,44.99778,-122.96779,Entire home/apt,190,2,6,2023-09-04,0.51,2,166,6,
773233500037900360,Rental unit in Salem · ★4.88 · 1 bedroom · 2 beds · 1 bath,169574079,Natalia,,Ward 8,44.94725,-123.0664,Entire home/apt,109,2,24,2023-11-26,1.99,1,179,24,
785111814066982837,Rental unit in Salem · ★5.0 · 1 bedroom · 1 bed · 1 bath,172368364,Ellen,,Ward 2,44.9332,-123.02578,Entire home/apt,278,1,7,2023-09-04,0.96,10,0,7,
788585810103310697,Home in Salem · ★4.86 · 1 bedroom · 1 bed · 1.5 baths,492547889,Delphin,,Ward 8,44.93905,-123.08766,Private room,55,1,14,2023-10-07,1.20,5,0,14,
788740398575824422,Home in Salem · ★4.80 · 1 bedroom · 1 bed · 1.5 shared baths,492547889,Delphin,,Ward 8,44.93851,-123.08769,Private room,50,1,5,2023-10-01,0.59,5,0,5,
788773706653168717,Home in Salem · ★4.89 · 1 bedroom · 1 bed · 1.5 shared baths,492547889,Delphin,,Ward 8,44.94094,-123.08656,Private room,45,1,19,2023-12-07,1.75,5,0,19,
789063398447948387,Home in Salem · ★4.96 · 1 bedroom · 1 bed · 1.5 shared baths,492547889,Delphin,,Ward 8,44.94066,-123.08617,Private room,45,1,23,2023-11-25,1.93,5,0,23,
789101243357990362,Home in Salem · ★4.92 · 1 bedroom · 1 bed · 1.5 shared baths,492547889,Delphin,,Ward 8,44.94114,-123.08658,Private room,44,1,24,2023-10-13,2.05,5,0,24,
792942008294249400,Rental unit in Salem · ★4.83 · 1 bedroom · 1 bed · 1 shared bath,104708472,Sara And Adam,,Ward 8,44.9331536,-123.0757819,Private room,44,1,48,2023-12-10,4.65,2,312,48,
794308784932483504,Home in Salem · 2 bedrooms · 3 beds · 1 bath,347121104,Sandy,,Ward 2,44.9321243,-123.0122532,Entire home/apt,70,30,0,,,1,263,0,
794878332309051603,Camper/RV in Salem · 1 bedroom · 1 bed · 1 bath,78967890,Monica,,Ward 3,44.88706,-123.01526,Entire home/apt,167,1,0,,,1,364,0,
806288048006012567,Home in Salem · ★4.94 · 4 bedrooms · 6 beds · 2 baths,396254527,Joey,,Ward 8,44.95056,-123.08401,Entire home/apt,637,1,34,2023-12-17,3.16,1,0,34,
808194120211324072,Home in Salem · 1 bedroom · 1 bed · 1 shared bath,22810342,Michael,,Ward 1,44.9473097,-123.0227252,Private room,56,1,2,2023-10-08,0.19,5,0,2,
810766448445502535,Home in Salem · 6 bedrooms · 6 beds · 4 baths,80131610,Nolan,,Ward 8,44.94248,-123.08218,Entire home/apt,240,20,2,2023-12-17,0.60,1,322,2,
810859442087199945,Home in Salem · ★5.0 · 2 bedrooms · 2 beds · 1 private bath,4486930,Dave,,Ward 4,44.87631,-123.01107,Private room,206,1,18,2023-11-30,1.67,1,199,18,
813243880088849894,Home in Salem · ★4.90 · 4 bedrooms · 5 beds · 2 baths,31939089,Crystal,,Ward 8,44.9496,-123.07804,Entire home/apt,190,2,19,2023-11-25,2.49,1,0,19,
816813871990227817,Bungalow in Salem · ★5.0 · 1 bedroom · 1 bed · 1.5 shared baths,48181873,Lori,,Ward 2,44.92751,-123.04166,Private room,79,2,17,2023-11-01,5.54,1,94,17,
817681633787447256,Home in Salem · 1 bedroom · 1 bed · 1 shared bath,90022661,Cathy,,Ward 8,44.94644,-123.06974,Private room,44,7,0,,,1,364,0,
827548266483650690,Home in Salem · ★5.0 · 3 bedrooms · 3 beds · 3 baths,241891578,Cindy,,Ward 2,44.91622,-123.04389,Entire home/apt,235,3,2,2023-09-04,0.41,1,0,2,
830476298498556306,Home in Salem · 4 bedrooms · 4 beds · 2.5 baths,501841211,Natalia,,Ward 8,44.94627,-123.08086,Entire home/apt,325,2,0,,,1,8,0,
830639024177165470,Home in Salem · 1 bedroom · 1 bed · 1 shared bath,75807577,Aleksey,,Ward 8,44.94349,-123.08887,Private room,140,1,0,,,2,88,0,
833674720971649531,Home in Salem · ★4.90 · 3 bedrooms · 4 beds · 2 baths,502550988,Jeremy Katie,,Ward 4,44.8753724,-123.0064593,Entire home/apt,350,3,10,2023-10-02,1.50,1,355,10,
839883334335939725,Home in Salem · ★5.0 · 1 bedroom · 2 beds · 1 bath,503850131,April,,Ward 1,44.95711,-123.02425,Entire home/apt,67,28,3,2023-09-10,0.38,1,324,3,
850643329762179893,Home in Salem · ★4.91 · 2 bedrooms · 2 beds · 2 baths,82842488,Ellie,,Ward 1,44.95429,-123.02218,Entire home/apt,134,2,11,2023-09-10,1.20,2,6,11,
855806067414163604,Home in Salem · ★5.0 · 2 bedrooms · 2 beds · 1 bath,507175573,Carolina,,Ward 4,44.86549,-123.02784,Entire home/apt,120,7,24,2023-11-23,2.80,1,330,24,
857214783368672872,Home in Salem · ★5.0 · 1 bedroom · 1 bed · 1 private bath,132897916,Carly,,Ward 1,44.9516186,-123.0100824,Private room,91,1,4,2023-10-29,0.49,1,284,4,
861729148076222174,Home in Salem · 1 bedroom · 1 bed · 1 bath,152226669,Jan,,Ward 1,44.9473209,-123.0125245,Entire home/apt,89,7,2,2023-11-25,1.62,1,76,2,
864070817456517350,Home in Salem · ★5.0 · 2 bedrooms · 2 beds · 2 baths,20726798,Judy,,Ward 7,44.92897,-123.04883,Entire home/apt,132,2,24,2023-12-20,3.33,2,0,24,
867761913106641727,Home in Salem · ★5.0 · 1 bedroom · 1 bed · 1 private bath,438592492,Viviane,,Ward 8,44.94438,-123.07447,Private room,65,1,12,2023-08-23,1.47,4,294,12,
867946212558850078,Bungalow in Salem · ★4.50 · 3 bedrooms · 4 beds · 2 baths,373042041,RedAwning,,Ward 1,44.9427,-123.0645,Entire home/apt,171,1,6,2023-09-11,0.88,1,361,6,
872021545628032191,Home in Salem · ★4.95 · 1 bedroom · 1 bed · 1 private bath,82842488,Ellie,,Ward 1,44.95445,-123.02275,Private room,,1,22,2023-12-18,2.91,2,0,22,
876054772380531897,Home in Salem · 1 bedroom · 1 bed · 1 bath,511101385,Kathy,,Ward 8,44.9551,-123.06422,Private room,44,1,0,,,2,363,0,
876233759536872549,Home in Salem · 1 bedroom · 1 bed · 1.5 baths,511101385,Kathy,,Ward 8,44.95358,-123.06437,Private room,44,1,1,2023-09-05,0.28,2,364,1,
876915394470090281,Home in Salem · 1 bedroom · 1 bed · 1 bath,209809216,Hannah,,Ward 4,44.87999,-123.01542,Private room,60,7,0,,,2,268,0,
877125872041222077,Home in Salem · ★4.80 · 1 bedroom · 1 bed · 1 shared bath,511640085,Temmy,,Ward 3,44.89751,-123.01843,Private room,51,30,5,2023-07-31,0.67,5,305,5,
877658091658459638,Home in Salem · 3 bedrooms · 3 beds · 2.5 baths,511767626,Terii,,Ward 8,44.97961879805293,-123.07793425431241,Entire home/apt,199,30,0,,,1,357,0,
882799180409115624,Home in Salem · ★5.0 · 1 bedroom · 1 bed · 1.5 shared baths,511640085,Temmy,,Ward 3,44.89923,-123.01781,Private room,48,30,10,2023-10-01,1.37,5,64,10,
884989724537503362,Home in Salem · ★4.85 · 1 bedroom · 1 bed · 1 bath,101238555,Matthew,,Ward 5,44.96319091310014,-123.02471336137694,Entire home/apt,115,1,20,2023-10-22,2.78,1,353,20,
885681916651485487,Rental unit in Salem · ★4.86 · 2 bedrooms · 2 beds · 1 bath,407581863,Warren,,Ward 8,44.9499511,-123.0664312,Entire home/apt,99,29,7,2023-09-24,1.00,19,307,7,
886611536944423269,Home in Salem · ★5.0 · 1 bedroom · 2 beds · 1 private bath,62453529,Suray,,Ward 1,44.94146,-123.01389,Private room,48,1,28,2023-12-10,4.62,1,0,28,
889966005426329317,Home in Salem · ★5.0 · 1 bedroom · 1 bed · 1.5 baths,511640085,Temmy,,Ward 3,44.89901,-123.01733,Private room,52,30,6,2023-09-30,1.06,5,167,6,
892810816797554474,Rental unit in Salem · 2 bedrooms · 2 beds · 2 baths,172368364,Ellen,,Ward 2,44.93293,-123.02485,Entire home/apt,341,1,0,,,10,365,0,
892940160111786654,Rental unit in Salem · 2 bedrooms · 3 beds · 2 baths,172368364,Ellen,,Ward 2,44.93336,-123.02552,Entire home/apt,341,1,0,,,10,325,0,
893580661543655022,Home in Salem · 1 bedroom · 1 bed · 1 shared bath,515254126,Annie,,Ward 4,44.88055,-123.05912,Private room,57,3,2,2023-07-23,0.33,3,295,2,
893687763022008613,Home in Salem · ★4.85 · 1 bedroom · 1 bed · 1 private bath,162327303,Emily,,Ward 7,44.88716,-123.07452,Private room,63,1,27,2023-12-17,4.01,1,168,27,
902324810119347109,Home in Salem · 1 bedroom · 2 beds · 1.5 baths,211531844,Patricia,,Ward 3,44.89806,-123.01797,Entire home/apt,110,30,0,,,1,342,0,
902457816972831762,Home in Salem · ★4.80 · 1 bedroom · 1 bed · 1.5 shared baths,511640085,Temmy,,Ward 3,44.89719,-123.01814,Private room,49,30,5,2023-09-22,0.77,5,335,5,
903054722891689337,Home in Salem · ★5.0 · 1 bedroom · 1 bed · 1 shared bath,515254126,Annie,,Ward 4,44.88022,-123.05771,Private room,57,3,7,2023-11-10,1.12,3,323,7,
903234066582777229,Home in Salem · ★4.50 · 1 bedroom · 1 bed · 1 private bath,499016867,Erik,,Ward 2,44.90515,-123.02477,Private room,59,1,24,2023-12-18,3.67,1,87,24,
905063314509119927,Rental unit in Salem · ★5.0 · 1 bedroom · 1 bed · 1 bath,172368364,Ellen,,Ward 2,44.93584488424979,-123.02526645153685,Entire home/apt,179,30,9,2023-12-10,2.23,10,290,9,
905105641152936374,Guesthouse in Salem · ★5.0 · 2 bedrooms · 3 beds · 1 bath,60075613,Tm,,Ward 1,44.94042,-123.06202,Entire home/apt,109,20,8,2023-11-12,1.29,1,322,8,
907245853340904581,Rental unit in Salem · 1 bedroom · 1 bed · 1 bath,110982974,Erika,,Ward 1,44.93807,-123.02209,Entire home/apt,55,3,0,,,4,307,0,
913154818354900931,Home in Salem · ★New · 1 bedroom · 1 bed · 1.5 shared baths,511640085,Temmy,,Ward 3,44.89733720391728,-123.01679996936242,Private room,41,30,0,,,5,364,0,
914675670096115524,Home in Salem · ★5.0 · 1 bedroom · 1 bed · 1 private bath,481027695,Diane,,Ward 8,44.97638,-123.07842,Private room,53,1,6,2023-10-26,1.10,5,59,6,
924812489868419755,Home in Salem · ★5.0 · 3 bedrooms · 3 beds · 2 baths,185354594,Aimee,,Ward 4,44.87489245980944,-123.03182670998407,Entire home/apt,221,1,40,2023-12-21,7.41,2,338,40,
925267262945548430,Home in Salem · 3 bedrooms · 3 beds · 1 bath,515254126,Annie,,Ward 4,44.8809932,-123.0580437,Entire home/apt,202,3,0,,,3,219,0,
928390682494921231,Rental unit in Salem · 1 bedroom · 1 bed · 1 bath,110982974,Erika,,Ward 1,44.9393172486177,-123.0240248896189,Entire home/apt,80,30,0,,,4,202,0,
931879154152102082,Rental unit in Salem · 1 bedroom · 1 bed · 1 bath,60657639,Aaron,,Ward 1,44.95159090784005,-123.05501362022423,Entire home/apt,60,21,1,2023-07-29,0.20,1,172,1,
940519920294000963,Home in Salem · ★5.0 · 3 bedrooms · 4 beds · 1.5 baths,433003282,Molly,,Ward 3,44.9083435739987,-123.03297786483603,Entire home/apt,154,1,8,2023-12-20,6.67,1,152,8,
944239619811799457,Hotel in Salem · 1 bedroom · 2 beds · 1 bath,174792040,RoomPicks By Victoria,,Ward 1,44.94025727853421,-123.04064312333946,Private room,170,1,0,,,4,339,0,
944239759178729066,Hotel in Salem · 1 bedroom · 2 beds · 1 bath,174792040,RoomPicks By Victoria,,Ward 1,44.93899095824553,-123.04017879296964,Private room,204,1,0,,,4,339,0,
944240004233767146,Hotel in Salem · 1 bedroom · 1 bed · 1 bath,174792040,RoomPicks By Victoria,,Ward 1,44.93855378219285,-123.04188654396741,Private room,170,1,1,2023-11-11,0.71,4,338,1,
944240204719053540,Hotel in Salem · 1 bedroom · 1 bed · 1 bath,174792040,RoomPicks By Victoria,,Ward 1,44.93857674580939,-123.04145583970184,Private room,204,1,0,,,4,339,0,
944248126137985863,Home in Salem · ★5.0 · 1 bedroom · 1 bed · 1.5 baths,214517739,Miranda,,Ward 3,44.908561505689995,-123.03136530528158,Private room,50,1,4,2023-12-07,4,1,250,4,
951500215302447845,Home in Salem · 3 bedrooms · 3 beds · 2.5 baths,529688077,Erin,,Ward 2,44.943444701349364,-123.00094250589609,Entire home/apt,160,30,2,2023-12-15,1.07,2,238,2,
960808666567411152,Townhouse in Salem · 2 bedrooms · 2 beds · 1 bath,121688409,Evolve,,Ward 8,44.97068,-123.06689,Entire home/apt,75,30,0,,,5,268,0,
962451979454046427,Townhouse in Salem · 2 bedrooms · 2 beds · 1 bath,121688409,Evolve,,Ward 8,44.97063,-123.06687,Entire home/apt,75,30,1,2023-12-09,1,5,266,1,
963091009110131153,Guesthouse in Salem · 1 bedroom · 1 bed · 1 bath,529688077,Erin,,Ward 2,44.943346,-123.001106,Entire home/apt,68,30,0,,,2,170,0,
963820257077642548,Home in Salem · ★5.0 · 2 bedrooms · 2 beds · 1 bath,110982974,Erika,,Ward 2,44.93052759618409,-123.01905542406317,Entire home/apt,100,28,5,2023-10-01,1.38,4,249,5,
963904378134465272,Home in Salem · ★4.33 · 2 bedrooms · 2 beds · 1 bath,407581863,Warren,,Ward 1,44.93821024048494,-123.02288692750857,Entire home/apt,157,2,3,2023-11-24,1.02,19,360,3,
965468164797552622,Home in Salem · 1 bedroom · 2 beds · 1 bath,529126435,Emerson,,Ward 7,44.88651374610525,-123.08440186675276,Entire home/apt,97,2,1,2023-12-15,1,1,263,1,
968253864438370837,Home in Salem · 1 bedroom · 1 bed · 1 bath,110982974,Erika,,Ward 2,44.93137739610006,-123.01943053004902,Entire home/apt,75,30,1,2023-09-28,0.35,4,224,1,
969720740624261109,Home in Salem · ★4.80 · 3 bedrooms · 2 beds · 2 baths,22820809,Andrew,,Ward 4,44.87772793131671,-123.03562991910825,Entire home/apt,229,1,23,2023-12-20,6.39,1,0,23,
973250417747743557,Home in Salem · ★4.67 · 3 bedrooms · 3 beds · 1 bath,45301799,Cathy And Mitch,,Ward 1,44.9510502,-123.0106565,Entire home/apt,130,2,3,2023-11-12,1.00,1,255,3,
973353330084354751,Guesthouse in Salem · 1 bedroom · 2 beds · 2 baths,535538793,Tal,,Ward 1,44.94034,-123.06089,Entire home/apt,100,15,1,2023-11-01,0.58,1,298,1,
973415498486129541,Home in Salem · 1 bedroom · 1 bed · 2 baths,504838412,Rebecca,,Ward 1,44.947041480726334,-123.00677679529143,Private room,53,1,2,2023-10-09,0.71,1,179,2,
975376282364060160,Home in Salem · ★4.67 · 1 bedroom · 1 bed · 1 bath,114023175,Isaac,,Ward 8,44.98374919928776,-123.08935225178611,Private room,50,1,2,2023-10-09,0.61,1,0,2,
975397357741805293,Camper/RV in Salem · ★4.50 · 1 bedroom · 5 beds · 1 bath,180066003,Brittany,,Ward 4,44.879113616632736,-123.01876209676266,Entire home/apt,85,1,5,2023-10-29,1.55,1,0,5,
976272697715304567,Home in Salem · ★4.50 · 1 bedroom · 1 bed · 1 bath,104054845,Jennifer,,Ward 2,44.924971508053886,-123.03273352603104,Private room,40,2,6,2023-12-14,1.96,4,53,6,
976291489201115657,Home in Salem · ★5.0 · 1 bedroom · 1 bed · 1 bath,536204548,Jeff &Amp; Missy,,Ward 1,44.94598270330573,-123.013459998846,Entire home/apt,140,1,4,2023-12-14,1.43,1,357,4,
986358214680580793,Home in Salem · ★4.67 · 2 bedrooms · 4 beds · 1.5 baths,71531506,Jolie,,Ward 1,44.94749317075963,-123.02994904529523,Entire home/apt,180,2,2,2023-11-13,0.79,3,0,2,
989789818831664864,Home in Salem · 1 bedroom · 1 bed · 1 shared bath,22893407,Melissa,,Ward 1,44.93332799091217,-123.04441612840526,Private room,30,1,1,2023-12-15,1,2,213,1,
993035345634541251,Home in Salem · 1 bedroom · 1 bed · 1 shared bath,22893407,Melissa,,Ward 1,44.93426,-123.04531,Private room,35,29,0,,,2,145,0,
994289970718463588,Home in Salem · 3 bedrooms · 3 beds · 1 bath,121688409,Evolve,,Ward 8,44.93023,-123.08132,Entire home/apt,240,2,1,2023-11-22,1,5,359,1,
999423814856813070,Home in Salem · ★5.0 · 5 bedrooms · 5 beds · 3 baths,116588478,Leah,,Ward 7,44.91181821927219,-123.05962105185131,Entire home/apt,389,1,4,2023-12-20,1.94,4,191,4,
999433975464362509,Home in Salem · 1 bedroom · 1 bed · 1 bath,116588478,Leah,,Ward 7,44.91180795229156,-123.05883448430599,Private room,69,1,1,2023-10-17,0.45,4,0,1,
1000676721890833922,Home in Salem · 1 bedroom · 1 bed · 1 bath,116588478,Leah,,Ward 7,44.91184274379561,-123.0595313564223,Private room,85,1,0,,,4,223,0,
1002200945870596665,Home in Salem · ★5.0 · 3 bedrooms · 4 beds · 2.5 baths,401725292,Ishani,,Ward 6,44.94418059060186,-123.0001206825571,Entire home/apt,229,1,4,2023-12-17,1.90,2,200,4,
1002221183785728964,Guesthouse in Salem · ★5.0 · 1 bedroom · 2 beds · 1 bath,401725292,Ishani,,Ward 6,44.943926482205384,-123.0014383028085,Entire home/apt,108,1,3,2023-11-04,1.43,2,337,3,
1003595287111300860,Guest suite in Salem · ★New · 1 bedroom · 2 beds · 1 bath,89498854,Kyle,,Ward 7,44.89739056870369,-123.0738767779709,Entire home/apt,205,2,1,2023-11-05,0.63,1,104,1,
1003787124532639687,Home in Salem · ★New · 3 bedrooms · 4 beds · 2 baths,116588478,Leah,,Ward 7,44.910997593036804,-123.05891288608066,Entire home/apt,254,1,2,2023-11-09,1.25,4,190,2,
1010187706200193806,Home in Salem · ★New · 1 bedroom · 1 bed · 1 bath,972844,Julia,,Ward 1,44.94520766899019,-123.01337588562912,Private room,75,1,1,2023-11-07,0.65,4,263,1,
1010194247999861506,Home in Salem · ★New · 1 bedroom · 1 bed · 1 shared bath,972844,Julia,,Ward 1,44.94489633561546,-123.01319902631867,Private room,75,1,1,2023-10-28,0.54,4,267,1,
1010220105289033401,Home in Salem · ★5.0 · 1 bedroom · 1 bed · 1 bath,972844,Julia,,Ward 1,44.94497600326753,-123.0115597695291,Private room,50,1,4,2023-12-16,2.14,4,269,4,
1011517623310700516,Home in Salem · ★New · 1 bedroom · 2 beds · 1 bath,972844,Julia,,Ward 1,44.94511314465545,-123.01312966950834,Private room,80,1,1,2023-10-28,0.54,4,238,1,
1016858216236441961,Rental unit in Salem · ★New · 1 bedroom · 1 bed · 1 bath,130839361,Bonnie,,Ward 4,44.88200795463242,-123.03252095318624,Entire home/apt,105,1,0,,,1,30,0,
1021234092475331096,Home in Salem · ★New · 1 bedroom · 1 bed · 1 bath,59330448,Jillian,,Ward 1,44.950355349385774,-123.0638324428545,Entire home/apt,,2,0,,,2,0,0,
1021849211775678823,Home in Salem · ★New · 1 bedroom · 1 bed · 1 bath,535038860,Leonid,,Ward 8,44.93788,-123.06586,Entire home/apt,100,1,0,,,1,84,0,
1022594945784864764,Home in Salem · ★New · 3 bedrooms · 4 beds · 1 bath,141237704,Ryan,,Ward 7,44.91179439732711,-123.05609205155257,Entire home/apt,100,3,0,,,1,2,0,
1029871141902375859,Rental unit in Salem · ★New · 2 bedrooms · 2 beds · 1 bath,547592174,Alfredo,,Ward 2,44.93333066282362,-123.01112834340857,Entire home/apt,96,14,0,,,1,249,0,
1035213028972458228,Home in Salem · ★New · 4 bedrooms · 5 beds · 2.5 baths,206041402,Traci,,Ward 4,44.8742534004893,-123.0045751341665,Entire home/apt,300,2,0,,,1,238,0,
1037187413648112204,Home in Salem · ★New · 3 bedrooms · 4 beds · 2.5 baths,19811206,Doug,,Ward 2,44.93176052873616,-123.01413327455522,Entire home/apt,272,3,0,,,1,242,0,
1043751208294593648,Townhouse in Salem · ★New · 3 bedrooms · 5 beds · 2.5 baths,444961038,Mark & Svetlana,,Ward 4,44.86920615840492,-123.01825638251051,Entire home/apt,177,2,0,,,3,271,0,
1044409199530494459,Home in Salem · ★New · 3 bedrooms · 2 baths,550573743,Weston,,Ward 7,44.91256151424969,-123.07029887848329,Entire home/apt,115,30,0,,,2,214,0,
1044950961604846338,Home in Salem · ★New · 2 bedrooms · 2 beds · 2 baths,550573743,Weston,,Ward 7,44.91216,-123.07024,Private room,60,30,0,,,2,217,0,
1048176726386865978,Tiny home in Salem · ★New · 2 bedrooms · 3 beds · 1 bath,407581863,Warren,,Ward 1,44.94748284148726,-123.02750930370482,Entire home/apt,123,2,0,,,19,321,0,
1048555339831934558,Home in Salem · ★New · 3 bedrooms · 3 beds · 2 baths,21800479,Margarita,,Ward 1,44.959103382051154,-123.02323846839076,Entire home/apt,160,1,0,,,1,265,0,
1050922201907386034,Townhouse in Salem · ★New · 6 bedrooms · 5 baths,444961038,Mark & Svetlana,,Ward 4,44.868949867644446,-123.01830974811723,Entire home/apt,356,2,0,,,3,242,0,
